sll1677	5
sll0218	5
ssr1853	5
slr1413	5
speA	5
gmk	5
slr1783	5
sll0558	5
phdD	5
slr1787	5
fecB3	5
fecB2	5
slr1788	5
slr1789	5
crtE	5
mom72	5
slr0238	5
ctpB	5
mutT	5
rhnB	5
adk	5
sll1033	5
sll1681	5
ndhB	5
sll1682	5
sll1686	5
sll1037	5
rne	5
slr0730	5
atpI	5
atpH	5
atpC	5
hypD	5
atpA	5
atpG	5
atpF	5
atpD	5
glmS	5
ssr2972	5
slr1501	5
slr1774	5
slr1773	5
slr1772	5
trx	5
ssl2009	3
fhuA	5
slr1776	5
upp	5
slr1415	5
dapB	5
pchR	5
psb13	5
fus	5
llaI_2	4
ssl0410	4
sll0230	5
msrA2	5
psaK	5
psaD	5
aroK	5
rffM	5
sll1036	5
ssl0426	3
fecD	5
fecE	5
fecB	5
fecC	5
phb	5
ssl2733	3
folK	5
sll1039	5
cysM	5
ccmK2	5
sll0228	5
cysH	5
sll0224	5
sll0225	5
slr1780	5
ccmM	5
slr1488	5
ccmN	5
cad	5
ccmK	5
slr0722	5
hhoA	5
cbiF	5
slr1485	5
slr1484	5
iutA	5
pheA	5
slr1119	5
ccmL	5
slr1117	5
slr1116	5
slr1115	5
slr1114	5
slr1113	5
slr1110	5
ssl1326	4
sll1041	5
slr0236	5
slr0725	5
sll1204	5
sll1049	5
sll1062	4
ssr3000	5
atp1	5
sll1203	5
sll1202	5
sll0219	5
rfbD2	5
slr1494	5
slr1495	5
slr1493	5
slr0742	5
morR	5
slr1100	5
chlD	5
sll0217	5
sll0216	5
sll1658	5
pcrR	5
slr1411	5
ppiB	5
sll1663	5
sll1660	5
sll1665	5
sll1664	5
slr1104	5
slr1417	5
slr1414	5
sll0696	5
slr0613	5
slr0612	5
slr1102	5
dfr	5
ycf6	1
sll1052	5
exbB	5
sll1054	5
slr1094	5
xerC	5
sgl0002	3
sll1214	5
bcp2	5
phoU	5
ubiX	5
sds	5
sll1053	5
sll1401	4
sll1400	4
sll1407	5
infB	5
sll1405	5
msrA	5
phoA	5
nifS	5
sll1659	5
ycf10	5
sll1213	5
ank	5
me	5
sll1671	5
sll1672	5
sll1673	5
sll1675	5
slr0251	5
fhuA2	5
sll1678	5
bvdR	5
ssr2998	4
nusA	5
slr0729	5
slr0728	5
slr0723	5
sll1064	5
slr1101	5
dnaJ	5
sll1061	4
sll1060	5
sll1063	5
lepB	5
glgA	5
ksgA	5
sll1680	5
sll0703	5
sll0702	5
ycf4	5
sll1319	5
sll1318	5
slr1127	5
slr1122	5
rfbD	5
psbA2	2
glgX	5
pleD	5
slr1128	5
purL	5
gpmB	5
slr1103	5
lig	5
slr0240	5
slr0241	5
slr0740	5
slr0249	5
trpE	5
hrcA	5
sll1040	5
pnp	5
slr0254	5
slr0731	5
slr0732	3
slr0734	5
slr0244	5
slr0252	5
slr0727	4
slr0245	5
sll0710	5
sll0711	5
slr1098	5
slr1778	5
talB	5
sohA	5
slr1097	5
crtX	5
slr1095	5
slr1794	5
pdxJ	5
slr1796	5
slr1790	5
psbM	2
hofD	5
slr1107	5
slr0243	5
slr1799	5
gltD	5
slr0250	5
slr1315	5
fhuA3	5
sll1399	5
pchR1	5
ssl2069	5
sll1396	5
cpcF	5
bcp	5
sll1392	5
malQ	5
slr1593	5
slr1592	5
slr1591	5
slr1590	5
slr1597	5
ubiH	5
slr1595	5
sll0649	5
sll1021	5
sll1020	5
sll0644	5
sll1022	5
sll1025	5
sll1024	5
sll0641	5
slr1762	5
ssl1920	1
envM	5
ssl1922	1
ycf45	5
sll0924	5
ycf22	5
sll0943	5
sufA	5
gerCb	5
slr1594	5
slr1043	5
HAGH1	5
slr1066	5
slr0981	5
slr0980	5
Sac1	5
slr1062	3
sll0647	5
slr1306	5
slr1307	5
slr1305	5
slr1302	5
slr1303	5
slr1069	2
slr1301	5
sll0639	5
sll0645	5
psbK	3
pxcA	5
pfkA	5
ureG	5
ureD	5
rps32	5
galE2	5
hemF	5
slr1771	5
ftsH	5
ssr2153	5
slr1076	5
slr1077	5
sll1638	5
slr1071	2
cyaA	5
slr1073	5
sll1635	5
slr1079	5
hisD	5
rpl28	5
slr1603	5
ndhD2	5
pleD2	5
slr1600	5
slr0678	5
birA	5
slr1609	5
slr1770	5
slr0670	5
lipA	5
slr1074	5
slr1768	5
sll0922	5
metX	5
slr1767	3
amt2	5
sll0926	5
sll0925	5
slr1763	5
slr1041	5
ssr2708	3
slr1042	5
slr1045	5
trmD	5
ytfC	5
slr1046	5
ssr1765	4
slr1048	5
hliA	5
ssr1766	4
sll1640	5
slr1800	5
cysC	5
sll1191	5
slr1611	5
slr1612	5
slr1613	5
slr1616	5
slr1617	5
slr1618	5
slr1619	5
ccmA	5
cbiA	5
sll0938	5
sll0939	5
slr1298	5
slr1299	5
rps15	5
sll0930	5
sll0931	5
sll0932	5
sll0933	5
slr1290	5
sll1193	5
sll0936	5
slr1293	5
sll1515	5
gpsA	5
sll1192	5
sll1511	5
sll1510	5
sll1512	5
slr1056	5
cbiH	5
gltB	5
ssl2384	5
slr1053	5
slr1050	5
chlH	5
fbp	5
slr1753	5
frpC	5
epsB	5
sll1188	5
sll1186	5
hsp17	5
nucH	5
sll1500	5
slr1065	5
ssr1155	4
sll1503	5
slr0695	5
sll1507	5
sll1504	5
sll1505	4
slr1063	4
slr1846	5
sll1752	5
ssr1768	4
ccsA	5
ssl2920	1
slr1400	5
infC	5
mcpA	5
exbB2	5
slr1599	5
slr0964	5
slr0967	5
btpA	5
ssl1923	4
gad	5
ycf19	5
lgt	5
yefA	5
psaM	3
ssl1972	5
slr1601	5
fmu/fmv	5
ssl1792	5
slr0686	5
pleD3	5
slr0680	5
slr0681	5
slr1068	1
slr1070	5
slr0689	5
dnaN	5
slr1052	5
lpxC	5
ssr2962	4
rfbU	5
sll1006	5
sll1005	5
sll1004	5
sll1003	5
sll1001	5
rfbB	5
rfbC	5
slr1085	5
sll0638	5
rfbF	5
rfbG	5
slr0978	5
rfbE	5
slr0976	5
slr0977	5
slr1087	5
slr0975	5
slr1081	5
slr1083	5
slr0971	5
sir	5
lim	5
sll1647	5
trpA	5
vapC	3
vapB	2
sll1643	5
sll1642	2
slr1084	5
galE	5
sll1516	5
slr0688	5
slr1082	5
slr1760	5
icd	5
sll0650	1
gdhB	5
sll0654	5
sll1011	5
thiE	5
apcD	5
glcE	5
slr1090	5
pyrC	5
slr1759	5
capA	2
ssl1918	5
ycf20	4
slr1610	5
sll1652	5
sll1201	2
sll1656	5
sll1654	5
sll1200	5
psbU	5
sucC	5
slr0962	5
ho1	5
glnA	5
ssr3122	5
sll0488	5
sll0489	5
pcnB2	5
eda	5
pth	5
sll0480	5
sll0481	5
sll0482	5
dnaJ3	5
sll0484	5
sll0485	5
sll0486	5
sll0487	5
sll0286	5
slr0798	5
ndhF3	5
natB	5
nylA	5
alr	5
slr0797	5
slr0794	5
slr0795	5
slr0095	5
slr0498	5
slr0096	5
crtO	5
gmhA	5
slr0092	5
sll0552	5
sll0553	5
sll0550	5
ppd	5
slr0099	2
hisB2	5
slr0514	5
panD	5
sll0096	5
sll0095	5
sll0094	5
sll0092	1
slr0924	5
slr0921	5
slr0923	5
ama	5
slr0299	5
ssl1464	5
erg6	5
slr0848	5
slr0846	5
slr0845	5
slr0842	5
prsA	5
slr0841	5
slr0082	5
slr0110	5
hemH	5
slr0081	5
slr0086	5
slr0569	5
sll0088	5
smtB	5
slr0317	5
sll0085	5
sll0086	5
ssr1041	5
sll0082	5
slr0115	5
cobW	5
sll0585	5
rnhA	5
hisB	5
sll0588	5
hisH	5
moxR	5
slr0793	5
aroH	5
slr0311	5
sll0800	4
slr0572	5
slr0573	3
slr0575	5
slr0565	5
sdhB2	5
slr0579	5
slr0073	5
deaD	5
amt1	5
trxA3	5
sll0539	5
sll0790	4
ycf24	5
sll0596	5
sll0597	5
sll0594	5
sll0595	5
cbiP	5
rpl33	5
sll0590	5
slr0103	5
slr0829	5
sll0793	4
slr0106	1
slr0105	5
kdtB	5
slr0091	5
slr0109	5
sll0832	5
sll0834	5
glk	5
ycf36	5
ycf34	5
rps18	5
slr0583	5
slr0582	5
slr0581	5
slr0580	5
acs	5
pcr	5
slr0505	5
slr0503	5
argC	5
merR	5
slr0509	5
slr0788	5
sll0827	5
ssr1407	4
sll0822	5
sll0821	5
ppk	5
sll0556	5
slr0104	5
ssl1533	5
citH	5
slr0111	5
slr0112	5
slr0114	5
pykF2	5
slr0116	5
cbiE	5
sll0586	5
sll0833	5
ssl1046	3
slr0300	5
slr0303	5
slr0302	5
slr0305	5
slr0304	5
slr0619	5
slr0306	5
slr0617	5
slr0616	5
slr0615	5
ssl1690	5
slr0825	5
sgl0001	1
slr0516	5
slr0517	5
slr0510	5
slr0511	1
slr0513	5
sll0797	5
sll0101	1
slr0519	5
sll0103	5
sll0102	5
slr0800	3
brkB	5
slr0108	5
purL2	5
sll0098	5
ycf16	5
sll0798	5
thiC	5
sll0787	5
sll0284	5
sll0282	5
sll0283	5
sll0280	5
sll0281	5
nreB	5
slr0318	5
slr0316	5
abfB	5
slr0314	5
desC(des9)	5
slr0312	5
slr0313	5
merR2	5
slr0521	5
slr0523	5
dnaB	5
ssl1045	4
sll0789	5
slr0315	5
sll0546	5
fus3	5
rfbB3	5
ssl1552	5
slr0801	5
umuC	5
slr0121	5
purM	5
slr0522	5
ssr1038	5
queA	5
ftrC	5
rapQ	5
minC	5
minD	5
minE	5
sll0479	5
sll0478	5
thrS	5
slr0120	5
sll0471	5
sll0470	5
sll0473	5
ppsA	5
sll0474	5
sll0477	5
nifS3	5
slr0626	5
slr0624	5
slr0625	5
slr0789	5
ssl0511	3
gidB	5
slr0787	5
gspE2	5
sll0783	5
sll0549	5
sll0786	5
sll0785	5
sll0545	5
sll0544	5
sll0547	5
slr0078	5
sll0540	5
sll0543	5
fraH	5
map2	5
map1	5
cyp2	5
slr0076	5
blaOXA-3	5
slr0309	5
sll1330	5
sll1333	5
sll1488	5
sll1334	5
sll1336	5
sll1338	5
dnaJ4	5
amt3	5
ndhF4	5
slr0651	5
slr1451	5
slr1456	5
slr0656	5
slr0655	5
slr0654	5
slr0658	5
slr0712	5
clpX	5
cmpR	5
slr0711	5
pknA4	5
ssl1707	3
ssl1004	5
panB	5
cmpB	5
ssl1277	1
ssl2667	5
slr0551	5
slr0552	5
slr0553	5
slr0554	5
slr0556	5
sll0031	5
sll0033	5
nifJ	5
sll0034	5
sll0037	5
sll0036	5
sll0039	5
sll0038	5
sll0630	5
slr0929	5
ssr1562	4
psaK2	5
modA	5
slr1424	5
slr0537	5
ndhI	5
ssb	5
sll0896	5
ape2	5
glmU	5
slr1421	5
slr1420	5
nadB	5
nadA	5
slr1429	5
hemE	5
slr0765	5
sll0529	5
sll0528	5
sll0525	5
sll0524	5
ssl1263	5
dapA	5
slr0930	5
sll0744	5
sll0743	5
sll0742	5
sll0740	5
petM	3
gltB2	5
slr1428	5
sll0624	3
sll0625	5
aroE	5
ndhD4	5
sll0898	5
proC	5
asnS	5
murC	5
murE	5
sll0493	5
ddh	5
sll0737	5
lysA	5
sll0536	5
sll0739	5
slr1557	5
sbpA	5
sll1340	5
cysA	5
sll1344	5
ssr1114	4
gap2	5
rpoF	5
asd	5
psbD2	5
cysT	5
cysW	5
cysQ	5
slr0667	5
slr0664	2
slr0665	5
ESI3	4
argS	5
slr1419	5
slr0668	1
sll0509	5
sll0508	5
sll0782	5
sll1495	5
recR	5
sll0503	5
carA	5
sll0505	5
sll0507	5
aspC3	5
sll0048	5
rbpA	5
chlM	5
slr1425	5
tgt	5
sll0040	5
sll0041	5
sll0043	5
sll0044	5
fus4	5
sll0047	5
hisG	5
hisA	5
bfr2	5
sll0514	5
exsB	5
sll0513	5
speA2	5
mraY	5
slr0042	5
slr0666	5
tig	5
sll0518	5
slr0697	5
polA	5
grxC2	5
merR3	5
slr0699	5
slr0698	5
sll0676	5
sll0623	5
sll0672	5
sll0671	5
sll0779	5
sll0777	5
sll0775	5
ssr2439	5
sll0678	3
gdhA	5
sll0501	5
prlC	5
ubiA	5
sll1491	5
slr1568	5
chrA	5
ndhE	5
slt	5
slr1462	5
slr1461	5
ndhA	5
slr0039	5
slr1464	5
rpoDI	5
slr1567	5
slr0529	5
ssr1558	4
sll0664	5
ycf35	5
cmpA	5
sll0662	5
sll0669	5
slr1563	5
slr0033	5
slr0031	5
purE	5
apcF	5
slr0038	5
sps	5
tar	5
lim17	5
sll0778	5
ndhG	5
trpB	5
trpC	5
sll1489	5
sll0670	5
ssl1255	4
sll1366	5
sll1367	5
sll1365	5
pfkA2	5
slr0535	5
slr0533	5
slr0530	5
slr0531	5
sll0499	5
sll0498	5
nrtD3	5
sll0659	5
sll0658	5
lysC	5
sll0497	5
sll0496	5
sll0494	5
valS	5
slr0022	5
slr0023	5
hisS2	5
ilvE	5
dsbD	5
pyrD	5
ilvC	5
slr1431	5
sll0781	5
sll0780	5
slr0700	5
slr0702	5
slr1566	5
pdxA	5
sll1329	5
slr1565	5
slr0709	5
slr0708	5
clpP3	5
nrtC2	5
argF	5
clpP4	5
sll1496	5
slr0541	5
sll0506	5
slr0545	5
slr0544	5
slr7014	5
slr7015	4
slr7016	5
slr7010	5
slr7011	5
slr7012	5
slr7013	5
gst1	5
norB	5
slr7025	5
sll7028	5
ndbC	5
slr1668	5
ssl7019	5
slr1661	5
slr1660	5
slr1664	5
slr1667	5
ssl1378	5
ssr7036	5
sll7078	5
sll7106	5
slr7052	5
slr7081	5
slr7080	5
slr7023	5
ssr2781	5
ssr2786	5
slr1586	2
slr7026	1
slr1588	5
slr7054	5
ski2	5
ssr7018	3
sll1481	5
slr1179	5
slr1178	5
sll1549	5
slr1177	5
stpA	5
dnaE2	5
sll7006	4
p	5
sll0727	5
sll0721	5
sll0720	3
sll0723	5
sll0722	5
sll7067	5
sll7066	5
sll7065	5
sll7064	5
sll0729	5
sll7062	5
ssl7039	5
ssl7038	5
slr0454	5
ggtA	5
dapF	5
slr7037	5
slr7032	2
hisI	5
psaL	5
slr0453	5
psaI	2
sll1106	5
ssr7072	4
sll0436	5
murG	5
sll0732	5
sll0733	5
ssl2874	5
sll0736	5
sll0735	5
sll7075	5
sll7077	5
sll7070	4
sll7056	5
slr7049	5
prfA	5
ssr1256	5
slr7060	5
ssr1258	1
slr7041	5
slr7024	5
sll1543	5
hlyB2	5
ssl0832	5
sll7055	5
slr0598	5
ssr7079	3
truB	5
slr0607	5
slr0589	5
slr0588	5
slr0587	5
slr0586	5
recA	5
sll1108	5
slr0460	1
slr0748	5
sll1109	5
sll7044	5
sll7047	5
htpG	5
slr7058	4
slr7059	5
chlL	5
chlN	5
sll1476	4
sll1477	5
ssr7035	5
pgm	5
sll1472	5
sll1473	5
slr7057	5
ppx	5
sll7069	5
slr0455	5
petC3	5
slr0456	5
degT	5
slr0599	5
sll7050	5
slr0594	5
slr0596	5
slr0459	5
slr0591	5
slr0592	5
slr0593	5
slr0590	5
slr0610	5
slr1186	5
slr1187	5
ssl7022	1
ssl7020	2
slr1183	5
slr0756	5
slr0757	5
ssr7040	5
slr0755	5
slr1189	5
sll0451	5
slr0751	5
slr0758	5
rfbA2	5
ssl7021	1
sll1482	5
ssr7017	3
im30_2	5
sll7009	5
sll0563	5
sll7027	5
slr0609	5
sll0565	5
sll0564	5
slr0605	5
slr0606	5
slr0449	5
slr0600	5
slr0601	5
slr0602	5
slr7082	5
ssl7053	5
sll1107	5
ssl7051	5
sll0448	5
sll0449	5
sll0444	5
sll0445	5
sll0446	5
sll0447	4
lepA	5
sll0441	5
sll0442	5
sll0443	5
sll1550	5
sll1552	5
sll0576	5
slr0458	5
rfbB4	5
cpcG2	5
slr1571	5
slr1583	5
psbA1	5
sll7003	5
ama2	5
purK	5
slr1584	5
purH	5
leuC	5
sll7030	5
slr1570	5
slr1573	5
slr1572	5
sll7034	5
sll1486	5
sll1485	5
sll0577	5
slr1579	5
eno	5
ssl7004	5
ssl7042	5
slr7061	5
ssl7045	4
ssl7046	5
ssl7048	4
slr7068	5
slr1192	5
sll1483	5
slr7005	5
fur2	5
sll7031	5
sll1547	5
sll1544	5
sll1542	5
sll0572	5
sll7063	5
ssl7007	1
sll7033	4
slr1577	5
ilvD	5
sll1475	5
sll7043	5
accA	5
slr1182	5
slr1658	5
slr1659	5
slr1184	5
slr1575	5
slr1657	5
slr1652	5
slr7073	5
devB	5
slr7071	5
slr7076	5
slr1576	5
arcC	5
ssl7074	5
argG	5
sll7029	5
agp	5
sll5041	5
ssl5100	3
ssl5070	5
sll8009	5
sll8018	5
sll8004	5
sll8006	5
sll8007	5
sll8001	5
sll8002	5
slr5078	5
sll7090	5
sll5109	5
slr7088	4
slr5071	3
slr5073	5
slr7083	5
sll5107	2
sll5104	1
slr5077	3
ssl5114	5
sll5089	5
ssr5019	5
slr5112	3
sll5083	5
sll5081	5
sll5080	5
sll5086	5
ssr5011	1
ssl5065	4
slr5110	5
ssl5064	5
slr5040	1
ssl5068	1
ssl5015	3
sll8033	5
sll8032	5
sll8035	5
sll8034	5
slr8015	5
slr8014	5
slr8016	5
slr7098	5
slr7099	5
ssl5108	2
slr7094	5
slr7095	5
slr7096	5
slr7097	5
ssl5103	3
slr7091	5
slr7092	5
sll5079	5
sll8027	5
sll5060	5
sll8025	5
ssr5009	5
sll8020	5
ssl8041	3
sll5094	5
sll5097	5
slr5053	5
slr5051	5
slr5056	5
slr5054	5
slr5055	5
slr5058	5
ssr5120	5
sll5003	3
sll5002	5
slr5119	3
sll5075	5
sll5006	3
sll5004	5
ssr8047	1
slr5111	4
slr5116	5
slr5115	5
ssl5113	4
sll5062	5
sll5076	5
ssr6030	1
sll5067	5
ssr6032	2
sll5033	5
slr5118	2
ssl5045	2
ssl5129	5
slr8021	5
slr5024	4
slr5023	5
slr5021	4
slr5101	5
slr5102	5
ssl5125	4
slr5105	3
slr6110	5
ssr5020	5
ssl8024	5
ssl8028	4
sll8040	5
ssl8039	5
ssr5106	4
sll8048	5
sll8049	5
sll5072	5
sll5059	5
slr8037	5
slr6038	2
slr5037	5
sll5028	4
ssl5039	3
sll7103	4
slr6031	5
slr6033	3
sll5026	5
slr5038	5
slr6034	1
ssl5091	3
sll8011	5
slr8030	5
ssl5095	5
ssl8010	5
sll5049	5
sll5048	5
sll5063	5
ssl5098	5
slr7102	5
sll5042	5
slr7100	5
slr7101	5
slr6043	5
sll5052	5
slr5013	5
ssl5099	4
slr5088	5
slr5126	5
slr5127	5
slr5124	4
slr5082	2
slr5085	5
slr5087	5
sll5132	5
sll5130	2
slr5005	5
slr6037	1
slr5010	5
sll5032	5
ssl5025	1
sll5030	5
ssl5027	3
sll5036	5
sll5034	5
sll5035	5
ssl6035	4
slr8038	5
ssl8008	5
ssl8005	5
sll5057	5
sll5050	5
ssl8003	3
sll5128	5
sll5090	2
ssr7093	5
slr5093	5
slr6001	5
sll5044	5
ssl5096	2
ndhK2	5
sll5047	5
sll5122	5
sll5123	5
slr5018	3
sll5046	5
slr5016	5
slr5017	5
sll5084	5
slr5012	5
sll6036	4
slr5022	5
sll5069	5
slr8029	5
sll5061	5
ssr5074	1
slr8022	5
slr8023	5
slr8026	5
sll5066	5
sll5014	2
sll5043	5
slr8036	5
slr6040	5
slr6041	3
slr6042	5
ssr8013	5
slr6044	5
slr6045	5
sll8019	5
ssl5001	4
sll8017	5
sll7089	5
slr8044	5
sll8012	5
ssl5008	2
ssr5092	3
sll7085	5
sll7087	5
sll7086	5
ssl5007	1
ssr5121	1
ssr5117	3
ssr6089	1
ssr6046	4
ssl6061	3
slr6106	4
ssr6048	4
sll6098	5
sll6093	5
slr6051	3
slr6050	5
slr6057	5
slr6056	5
slr6058	5
sll6053	5
sll6052	5
sll6055	5
sll6054	5
slr6108	5
sll6059	5
slr6101	5
ssr6099	5
slr6097	5
slr6096	5
slr6095	5
slr6094	5
slr6091	5
slr6090	5
slr6102	5
ssl6092	4
slr6047	5
slr6063	2
slr6107	5
sll6109	5
sll6060	5
slr6100	5
slr6103	5
slr6049	5
aspA	5
slr1851	5
dnaJ2	5
slr1140	5
pobA	5
slr1906	5
slr1143	5
ssr2315	2
slr1383	5
ssr2317	5
slr1147	5
slr1702	5
ssr1698	5
pilJ	5
slr1908	5
slr1909	5
slr1704	5
ctaD	5
ctaE	5
ctaC	5
bfr	5
ftsH2	5
sll0984	5
ssl3615	5
ssl3446	5
slr1907	5
rnb	5
slr2030	5
sll1942	5
ssr3410	5
sll1940	5
sll1946	5
leuS	5
sll1945	5
ndhF	5
hypB	5
ureC	5
tyrS2	3
hemN	5
sll1824	5
lepB2	5
slr1142	5
ftsI	5
sll1830	5
slr1378	5
slr1376	5
slr2013	5
slr2012	5
slr2011	5
sll1286	5
slr2017	5
slr2016	5
cpcC2	5
sll1293	5
slr2019	5
slr2018	5
sll1289	5
comEc	5
slr1148	5
ndhD5	5
ssr2318	3
clcD	5
zntC	5
proB	5
slr1920	5
sll1934	5
folP	5
sll1930	1
speB	5
sll1834	5
sll1835	5
sll1832	5
ycf23	5
sll1938	5
slr2008	5
mrcB	5
cydA	5
cydB	5
hisD2	5
sll1292	5
gumB	5
sll1291	5
sll1296	5
slr2005	5
slr2006	5
rub	5
slr1150	5
rpl31	5
sqdB	5
lig2	5
ziaA	5
slr1032	4
sll1924	5
sll1925	5
sll1926	5
sll1927	5
ssl2559	4
sll1921	5
gltS	5
sll1072	5
ackA	5
rpoA	5
sll1939	5
argH	5
slr1699	5
slr1384	5
acp	5
slr2048	5
glcF	5
argD	5
sll1751	5
slr1912	5
chlI	5
tyrS	5
sll1575	5
sll1574	5
sll1573	5
slr2038	5
sll1571	5
sll1570	5
sll0985	5
slr2034	5
slr2037	5
slr2031	5
sll0980	5
sll0983	5
sll0982	5
slr1385	5
slr2010	5
slr1847	5
ssr3465	5
ssr3467	5
sll1911	5
ssr2857	5
sll1913	5
sll1912	5
sll1915	5
slr2015	5
sll1916	5
sll1582	5
slr1708	5
sll1584	5
slr1028	5
sll1749	5
slr1023	5
merA	5
sll1285	5
slr1025	5
slr1024	5
rps13	5
sll0998	5
serS	5
sll0981	5
ssr3452	2
sll0992	5
sll0993	5
sll0990	5
sll0996	5
sll0997	5
sll0994	5
sll0995	5
slr1149	5
sll1920	5
sll1284	5
phoH	5
rpl36	2
fur	5
slr1135	2
slr1134	5
slr1039	5
fabF	5
dnaE	5
sll1068	5
psbL	3
truA	5
rps11	5
dnaK	5
slr1033	5
slr1034	5
slr1035	5
rps9	5
slr1037	5
dfrA	5
ssr3409	5
hliA2	4
fabD	5
purA	5
trxA	5
ssr2333	5
sll1081	5
sll1080	5
slr1396	5
sll1084	5
slr2052	5
cpcD	5
ssr2848	5
slr2053	5
tktA	5
slr2024	5
gylA	5
sll1825	5
sll1078	5
rpl17	5
rpl13	5
zam	5
sll1071	5
spoIID	5
sll1300	5
gyrA	5
sll1568	5
amiA	5
slr2027	5
slr1917	5
slr1916	5
slr1915	5
slr1914	5
slr1913	5
slr2049	5
slr1911	5
slr2044	5
slr2045	5
slr2046	5
slr2025	5
ssr2843	5
slr2042	5
slr1918	5
psbE	5
slr1398	5
psbF	4
divK	5
slr1391	5
ssl1911	5
slr1393	5
slr1019	5
slr1395	5
slr1394	5
slr1397	5
psbJ	4
feoB	5
ssr3129	4
sll1837	5
slr1919	5
nrtD	5
ssl3451	5
cpcG	5
cpcA	5
cpcB	5
cpcC	5
grxC	3
ssr2016	5
cscK	5
sll1726	5
adk2	5
slr2078	5
slr1450	5
slr1900	5
slr1901	5
slr1902	2
slr1903	5
slr2071	5
slr2070	5
slr2073	5
uvrD	5
slr2077	5
slr1535	5
pknA2	5
lacF	5
codA	5
gshB	5
frdA	5
htrA	5
mutL	5
ftsH3	5
icsA	5
sll1348	5
slr1827	5
slr1826	5
sll1138	5
sll1135	5
sll1132	5
sll1131	5
sll1130	5
ssr2067	3
ssr2062	5
ssr2060	3
ssl2245	5
sll1739	5
slr1362	5
ureF	5
sll1738	5
ureE	5
sll1735	5
sll1734	5
sll1737	5
sll1736	5
sll1730	5
zwf	5
mgtE	5
narB	5
dnaX	5
sll1634	5
ftsZ	5
repA	5
aroQ	5
sll1456	5
petF	5
rpl29	5
sll1280	5
slr1837	5
sll1124	5
rpl24	5
ndhF2	5
sll1120	5
sll1121	5
rpl23	5
sll1123	5
ndhD3	5
slr1537	5
aroC	5
ssl2250	5
psaA	5
psaB	5
slr1436	5
slr1437	5
rps20	5
sll1722	5
sll1723	5
sll1466	5
ycf21	5
sll1725	5
slr1207	5
slr1206	5
slr1205	5
slr1203	5
todF	5
slr1201	5
pmbA	5
slr1363	5
sll1461	5
slr1209	5
slr1208	5
sll1119	5
sll1118	5
glgP	5
sll1464	5
cysK	5
ccmK4	5
groEL	5
rpoB	5
sll1632	5
rpoE	5
groES	5
cbiD	5
uvrA	5
recJ	5
rps17	5
manA	5
rpl6	5
slr1232	5
rps19	5
rpl5	5
rpl2	5
rpl3	5
rpl1	5
slr1214	5
slr1215	5
slr1195	5
slr1194	5
slr1210	3
sll1144	5
slr1213	5
argB	5
recQ	5
slr1218	5
slr1198	5
bioB	5
ssr2422	5
sll1455	5
sll1359	5
slr1841	5
sll1358	5
slr1896	5
slr1894	5
slr1895	5
slr1449	5
slr1748	5
livH	5
slr1552	5
ssr2595	5
srrA	5
hisC	5
pntB	5
pntA	5
slr1220	5
pykF	5
bchB	5
sll1352	5
slr1229	5
ssl3712	5
sll1350	5
recF	5
sll1712	5
sll1274	5
sll1276	5
rpoC2	5
infA	5
sll1459	5
nrtA	5
nrtB	5
nrtC	5
sll1355	5
sll1717	5
rpl22	5
slr1544	5
bhy	5
slr1546	5
slr1547	5
slr1540	5
slr1541	5
slr1542	5
slr1543	5
nusG	5
cobN2	5
ssr2611	5
rps5	5
rps3	5
rps1	5
IAP75	5
slr1236	5
slr1222	5
slr1234	5
slr1235	5
ccmK3	5
rpl4	5
def	5
rps8	5
slr1752	5
prc	5
ssr2406	5
sll1792	1
sll1791	1
cbbZp	5
purC	5
rfbJ	5
phbC	5
sll1353	5
pdhB	5
ribH	5
slr1197	5
slr1196	5
menB	5
sll1469	5
sll1142	5
rpl14	5
rpl15	5
rpl16	5
rpl10	5
rpl11	5
rpl12	5
slr1241	2
slr1240	5
rpl18	5
rpl19	5
slr1438	5
secE	5
ssl2823	5
nrtD2	5
ileS	5
ssr2009	5
sll1786	5
prfC	5
slr1444	5
slr1441	5
slr1440	5
slr1442	5
secY	5
slr1840	5
lysS	5
ilvA	5
slr1230	5
ssr2047	5
sll1969	5
slr1829	5
sll1716	2
sll1715	2
sll1714	3
pknA	5
ycf9	5
sll1965	5
petJ	5
sll1967	5
sulA	5
pmgA	5
hypE	5
ETR1	5
sll1971	5
malK	5
slr1856	5
slr1854	5
slr1855	5
slr1852	5
slr1853	5
slr1742	5
sll0862	5
sll0863	5
sll0860	5
sll0861	5
sll0867	5
sll0864	5
slr1859	3
sll1784	5
slr0852	5
sll1768	5
slr0857	1
ruvA	5
uvrC	5
slr1739	5
slr0863	5
sll1702	5
slr1738	5
ssl2501	5
sll1708	5
mutS	5
sll1159	5
ssl3364	5
sll1628	5
phr2	5
sll1624	5
sll1623	5
sll1621	5
sll1620	5
slr1821	5
slr1820	5
sll1687	5
slr2144	5
slr2141	5
gcvH	5
slr1243	5
sll1770	5
pta	5
opcA	5
psr	5
sll0875	5
slr1747	5
hemC	5
hemA	5
slr1861	5
ssl3379	5
lexA	5
sll1630	4
sll1631	5
exoD	5
petA	5
petC	5
sll1699	5
sll1696	5
sll1697	5
sll1692	5
sll1693	5
sll1691	5
ssl3383	5
ssl3382	5
slr0871	4
dctP	5
murI	5
deoC	5
rps6	5
ICFG	5
murD	5
sfsA	5
cbiT	5
slr0870	2
rpoE2	5
slr1809	5
slr1805	5
sll0871	5
slr1807	5
sll0839	5
gap1	5
slr1886	5
slr1880	5
rpoD	5
lipA2	5
slr1888	5
sll0837	5
cbiL	5
slr1403	5
slr1407	5
slr1406	5
slr1409	5
ssr1480	5
ycf32	4
sll1618	5
hofG2	5
sll1758	5
sll1757	5
sll1755	5
ndbA	5
ndbB	5
slr1818	5
slr1819	5
cefD	5
sll1268	5
slr1812	2
slr1813	3
sll1265	5
slr1811	5
slr1816	5
thrC	5
slr1814	5
slr1815	5
livF	5
ssr3189	4
ssr3188	5
napC	5
slr1740	5
pyrF	5
glnH/glnP	5
hupE	5
bioY	5
ssr3184	5
sppA	5
sll1698	5
slr0868	4
purT	5
slr1885	5
slr1410	5
psbN	4
mscL	5
ssr1499	4
lspA	5
sll1773	5
sll0853	5
sll0857	5
sll0855	5
sll0854	5
sll0858	5
sll1271	5
sll1267	5
sll1273	5
sll2011	5
slr1732	5
sll2013	5
sll1710	5
slr1737	5
slr1736	5
slr1869	5
mbpA	5
ddlA	5
slr1865	5
slr1864	5
slr1863	5
slr1862	5
slr1866	5
slr1871	5
amiA3	5
amiA2	5
dnaA	5
aat	5
sll1771	5
cdsA	5
ssl1633	3
sll1775	5
sll1774	4
csgA	5
sll1315	5
sll0843	5
ssl2595	5
nplT	5
sll0846	5
sll0847	5
sll2015	5
gdh	5
glgP2	5
slr0877	5
slr0876	5
fabG	5
slr0872	5
sll2008	5
sll2009	5
sll2006	5
sll2007	5
slr1876	5
sdhB	5
slr1870	5
sll2003	5
slr0878	5
sll1764	5
sll1765	5
sll1762	5
sll1763	5
sll1761	5
sll2002	5
rpoD2	5
trpD	5
sll1769	5
hpcE	5
slr0888	5
slr0889	5
thrB	5
slr0882	5
trpS	5
slr0880	5
slr0881	5
slr0887	5
slr0885	5
sll1304	5
sll1305	5
sll1306	5
sll1307	5
gyrB	5
sll0877	5
sll1783	5
sll1308	5
sll1785	5
slr0890	5
sll0872	5
slr0864	5
slr0865	5
aslB	5
slr0867	5
slr1735	5
sll1272	5
gcpE	5
phr	5
ssl3291	5
slr0869	5
psbD	5
glgX2	5
psbC	5
mutS2	5
hofG	5
nth	5
lmbP	5
psbH	3
rimI	5
sll1160	5
sll1161	5
sll1162	5
sll1163	5
sll1164	5
cpcE	5
sll0844	5
ssl3829	5
slr1882	5
pstS	5
nblA2	5
ctaE2	5
ssr2549	5
pstC	5
pstB	5
pstA	5
sll1956	5
sll1951	5
sll1950	5
aspS	5
ycf44	5
menA	5
ilvG	5
slr1261	5
slr1260	5
slr1263	5
lacG	5
slr1513	5
slr0267	5
slr0264	5
slr0265	1
slr0262	5
slr0263	5
slr1515	5
sll1424	5
sll1426	5
sll1158	5
sll1155	5
ssr2898	1
sll1156	2
sll1151	5
sll1150	5
katG	5
slr2062	5
sll1236	5
slr2060	5
hemK	5
plsX	5
sll0242	5
sll1239	2
sll1949	5
slr1508	5
slr2079	5
ureA	5
ssl3769	5
sll1954	5
hemB	5
galE3	5
rbcR	5
slr1505	5
slr1506	5
slr1507	5
drgA	5
shc	5
fabG2	5
kpsM	5
sll0254	5
sll0245	5
sll1147	5
hisC2	5
sll0252	5
slr1503	5
sll1973	5
sll0238	5
sll0237	5
sll0236	5
dcoH	5
proS	5
ssr3570	4
ntcA	5
ntpJ	5
tyrA	5
ssr3571	2
cobA	5
ctaD2	5
slr2099	5
slr2098	5
ssr2551	5
slr0269	5
slr2096	1
slr2095	2
slr2131	5
sll1609	5
glbN	5
trxA2	5
sll0249	5
folC	5
sll1601	5
sll0243	5
sll0240	5
sll0241	5
kdpB	5
sll1606	5
slr2000	5
slr2001	5
slr2002	5
slr2003	5
slr2004	5
slr1522	1
slr1523	2
slr1520	5
sodB	5
slr1524	1
slr2128	5
slr2127	5
slr2126	5
slr2125	5
hhoB	5
slr2123	5
spsA	5
slr2121	5
slr2120	5
sll1157	3
sll1613	5
sll1611	5
sll1595	5
slr1262	5
pds	5
sll1590	5
sll1592	5
sll0253	5
slr1512	5
sll1608	5
ssl0438	2
kdpA	5
ilvB	5
slr2117	1
ssl2781	5
apt	5
ssr2194	4
sll1995	5
slr1717	5
slr2124	5
prmA	5
guaB	5
ssl3127	2
lap	5
sll1586	5
dfp	5
norA	5
sll1241	5
sll1411	5
spsC	5
hflX	5
apcC	5
cyp	5
sll1982	1
apqZ	5
slr0270	5
ftsY	5
sll1988	5
sll1415	5
isiB	5
isiA	5
serA	5
slr2101	5
slr2100	5
slr2103	5
fabZ	5
slr2105	5
slr2104	5
ssl2789	2
slr1726	5
sll1906	5
sll1429	2
ndhH	5
sll1905	5
sll1902	5
aroB	5
ssr2087	5
sll1428	5
kpsT	5
slr2080	5
pma1	5
sll1418	5
hglK	5
sll1596	2
slr2111	5
apcB	5
slr2084	5
apcA	5
sll1414	5
suhB	5
slr2118	5
slr2119	5
slr1721	5
slr1724	5
slr2059	5
slr1727	5
leuB	5
slr2115	5
fabH	5
sll1979	5
ssl2749	5
mntA	5
ssr3402	5
thdF	5
mntB	5
slr1324	5
slr1322	5
ssl0461	5
ssl0467	5
slr1246	4
slr1245	5
ssr2912	5
ssl3692	5
arsA	5
slr1999	5
slr1998	5
pys	5
slr1992	5
slr1990	5
slr1718	5
nblA	4
kdpC	5
ssr3532	1
kdpD	5
slr1712	5
slr0271	5
cyaA2	5
slr0273	5
slr0272	5
sll1960	5
sll1961	5
spoT	5
glpX	5
ssr2554	5
slr1258	5
slr1259	5
slr2122	5
thl	5
slr2092	5
slr1253	5
mntC	5
topA	5
slr1257	5
sll0804	5
rpiB	5
slr1980	5
slr1982	5
slr1983	5
sll1898	5
ffh	5
sll1895	5
sll1897	5
pilM	5
sll1891	5
sll1892	5
sll1173	5
pcnB	5
ctaB	5
hoxU	5
tsf	5
thrC2	5
hoxY	5
atpB	5
fabF2	5
sll1254	5
sll1388	5
hoxF	5
sll1250	5
sll1251	5
sll1384	5
sll1386	5
hoxH	5
sll1380	5
sll1381	5
sll1258	5
ssl1507	2
sll1446	5
leuD	5
sll1442	5
ssr1375	5
sll1262	5
slr1468	5
sll0818	5
sll0816	5
sll0815	5
sll0814	5
sll0812	5
atpE	5
sll0810	5
slr1272	5
slr1273	5
slr1270	5
sll1178	5
slr1276	5
pbp	5
gspD	5
slr1275	5
slr1278	5
ssl2471	1
sll1433	5
sll1220	5
ssl2162	5
sll1229	5
mtfB	5
desA	5
desB	5
hisF	5
cytM	5
ggt	5
hlyB	5
slr1968	5
hlyD	5
slr1534	5
ctaC2	5
slr1530	5
slr1533	5
melB	5
psaF	5
sll0802	5
sll0803	5
entC	5
sll1222	5
slr1287	5
slr1285	5
slr1283	4
slr1282	1
murF	5
ssl2717	5
mrcA	5
sll1232	5
sll1233	5
sll1102	5
slr1969	5
ymxG	5
cfxE	5
ssl3573	5
ssl1520	5
sll1225	1
cbaB	5
slr1343	5
cysE	5
rpl34	5
slr1959	5
slr1958	5
ssr2201	1
pet112	5
slr0820	5
slr0821	5
slr0822	5
slr1529	5
slr1957	5
slr1956	5
rps12	5
rps10	5
slr1353	5
ycf39	5
sll1170	5
ssl3549	5
argJ	5
act	5
slr0815	5
slr0816	5
slr0810	4
slr0813	5
slr0812	5
sll1263	5
slr0818	5
pgi	5
ribA	5
sll1228	5
hemN2	5
fus2	5
lytR	5
slr1342	5
ssr1391	5
slr1340	5
sll1884	5
slr1344	5
petC2	5
sll0811	3
sll1377	5
sll1095	5
pyrB	5
sll1219	5
ssr3341	5
sll1252	5
sll1217	5
sll1389	5
slr1975	5
slr1974	5
slr1977	5
sll1242	5
slr0806	5
slr1970	5
slr1972	5
rpoC1	5
slr0808	5
sll1376	5
rnpA	5
sll1439	3
sll1866	5
ssr2227	4
ssl2420	2
ndhC	5
petF2	5
sll1387	5
suhB2	5
petG	3
ndhJ	5
ndhK	5
hypC	5
rpl9	5
slr1467	5
tufA	5
ndhL	5
rps7	5
slr1336	5
AT103	5
slr1334	5
sll1371	5
sll1103	5
dnaG	5
sll1372	5
sll0808	1
sll1378	5
slr1339	5
slr1338	5
slr1962	5
slr1963	5
miaA	5
psaJ	1
slr1964	5
rps2	5
int	5
ssr2130	3
dacB	5
rfbB2	5
ycf3	5
sll1247	5
sll1873	5
sll1870	5
sll1871	5
psbA3	2
purD	5
sll1447	5
slr1971	5
sll1878	5
sll1879	5
slr1160	5
rfbM	5
slr1478	5
glnH	5
sll1373	5
slr1470	5
slr1471	5
slr1472	5
slr1474	5
sll0809	5
gcp	5
slr1327	2
sll1174	5
sll1369	5
cobN	5
sll1166	5
mrdB	5
slr1978	5
slr1152	5
panC/kcy	5
sll1888	5
pyrG	5
sll1886	5
sll1885	5
ahcY	5
sll1882	5
sll1880	5
pdxH	5
slr1266	5
hypB2	5
slr1966	5
slr1288	5
rps1_2	5
ssl1498	3
ho2	5
trpE2	5
icfA	5
sll1169	5
rffM2	5
sll1390	5
ssl2982	5
pilT	5
clpP2	5
sll1532	5
sll1531	5
sll1530	5
sll1537	5
sll1534	5
moeB	5
pilC	5
pknA3	5
livH2	5
ssl3044	5
slr1171	5
sll0419	5
sll0418	5
slr0151	5
slr0152	5
mutM	5
sll0260	5
sll0261	5
ssr2723	5
sll0264	5
sll0265	5
sll0266	5
sll0267	5
sll0268	5
sll0269	5
crtQ	5
clpB	5
slr0960	5
sll1528	5
slr0292	5
slr0291	5
leuA	5
rnc	5
sll1521	5
clpB2	5
sll1524	5
otsA	5
sll1526	5
sll1527	5
slr1676	5
slr1677	5
slr1674	5
slr1670	5
slr1174	5
hypA	5
slr1170	5
slr1173	5
slr1679	5
ureB	5
gspF	5
nadC	5
gcvP	5
ssl2971	5
nadE	5
pilT2	5
slr0408	5
slr0407	5
sll0257	5
slr0402	5
slr0400	5
slr0401	5
slr0280	5
slr0284	5
slr0937	5
slr0286	5
slr0935	5
sll0147	5
rpl27	5
rpl21	5
petH	5
aroA	5
slr1168	5
slr1169	5
slr1162	5
psaE	4
slr1924	5
slr1161	5
slr1166	5
slr1923	5
ycf39_2	5
nrdA	5
sll0921	5
sms	5
sll0274	5
ssr0761	4
ssr1600	5
slr1683	1
slr1681	5
slr1687	5
slr1686	5
met3	5
gldA	5
slr0947	5
slr0945	5
slr0944	5
slr0942	5
slr0941	5
sll0146	5
slr0404	5
cysS	5
cbiC	5
sll0428	5
recN	5
rps16	5
sll0422	5
sll0423	5
sll0426	5
sll0424	5
priA	5
sll0135	5
ssl2148	5
clpP	5
slr1690	5
slr1692	5
slr1693	5
slr1694	5
ppc	5
ppa	5
ssr1951	5
ssl0242	4
slr0294	3
pyrH	5
ssr2754	3
slr0954	5
slr0955	5
ssl0259	5
slr0957	5
slr0950	5
slr0951	5
slr0953	5
pgk	5
slr1624	5
slr1627	5
slr1626	5
sll0909	5
slr0959	5
slr1623	5
slr0285	5
frr	5
ssl0483	4
pgsA	5
sll0272	5
ssr0657	5
ssl2138	4
cbiB	5
fbp2	5
slr0948	5
slr0938	5
desD(des6)	5
slr0397	5
smpB	5
purB	5
slr0393	3
sll1562	1
sll1563	5
slr0398	5
ntcB	5
sll0912	5
sll0913	5
slr1638	5
sll0911	4
sll0914	5
slr1636	5
slr1634	5
fda	5
slr0443	5
petF3	5
bgl	5
slr0445	5
nusB	5
slr0442	5
alaS	5
sll0354	5
sll0355	5
sll0359	5
slr0145	5
slr0157	4
rfbP	5
slr0144	5
sll1555	5
pheT	5
slr1629	5
sll1556	5
sll1559	5
sll1558	5
ssr0756	2
prk	5
slr0142	5
sll1087	5
sll1086	5
ssr2803	5
slr1163	5
pepP	5
sll1089	5
sll0263	5
slr1628	5
glnN	5
slr1649	5
slr1648	5
slr1647	5
glnB	4
slr1644	5
trpF	5
putA	5
dnaX_and_dnaZ	5
dpm1	5
pqqE	5
sll0364	5
sll0361	5
sll0360	5
pyrC2	5
sll0149	5
sll0148	5
arsC	5
sll0141	5
sll0142	5
amiC	5
sll1541	5
sll1094	4
slr0287	5
sll1091	5
sll1092	3
maf	5
slr0149	5
slr0148	5
slr0147	5
slr0146	5
psbO	5
ssr2806	2
slr0143	5
spoU	5
ssr0759	4
sll0273	5
glpD	5
psbV	5
sucD	5
sll0910	4
glpK	5
psbZ	5
sll0005	5
sll0007	5
sll0318	5
sll0319	5
aspC	5
sll0314	5
sll0310	5
sll0312	5
slr0345	5
slr0347	5
slr0341	5
ycf47	5
slr0016	5
slr0348	5
slr0013	5
slr0322	5
hypF	5
sll0944	5
yibO	5
secD	5
slr0355	5
fumC	5
ctpA	5
ssr0349	4
slr0989	5
sll0208	5
odhB	5
sll0328	5
sarA	5
rbcX	5
sll0321	5
sll0008	2
gcvT	5
sll0327	5
rnd	5
slr1930	5
slr1932	5
slr1935	5
Era	5
slr1939	5
slr1938	5
slr0358	5
slr0001	5
slr0006	5
slr0007	5
slr0169	5
slr0168	5
mgtC	5
hemL	5
slr0388	5
ponA	5
rbcS	5
slr0217	5
hemD	5
slr0214	5
slr0990	5
sll0157	5
slr0992	5
fabG3	5
rbcL	5
slr0019	5
slr0769	5
sll0294	5
petD	5
radC	5
petB	5
tpi	5
sll0024	5
sll0022	5
rpl20	5
sll0749	5
sll0021	5
slr0381	4
slr1928	5
hisS	5
slr1926	5
slr1927	5
slr0383	5
ssr3304	4
slr0326	5
slr0325	5
lipB	5
sll0752	5
slr0320	5
sll0010	3
sll0154	5
slr0328	5
folD	5
murZ	5
slr0770	4
ndkR	5
slr0773	5
ssl0294	4
rps21	4
slr0779	5
sll0754	5
sll0755	5
sll0756	5
prfB	5
lrtA	5
slr0359	5
rpl35	5
sll0759	5
nifS2	5
hitB	5
sll0019	5
ribC	5
slr1950	5
slr0334	4
sll1849	5
slr0337	5
slr0338	5
ycf38	5
slr0333	5
ycf37	5
lpxB	5
lpxD	5
ycf33	5
sll1845	5
sll0335	5
accD	5
slr0181	5
slr0184	5
sll0761	5
sll0763	5
sll0762	5
sll0765	5
cobU	5
sll0210	5
chlB	5
cbbA	5
rpoD3	5
livG	5
slr1949	5
sll0293	5
sll0295	5
ssl1807	5
sll0297	5
sll0296	5
slr1940	5
slr0380	5
slr1942	5
slr1944	5
slr1951	5
slr1946	5
slr0386	5
sll1858	5
umpS	5
guaA	5
psbI	2
sll1851	5
sll1853	5
sphS	5
ssl0312	5
slr0384	5
sll0169	5
dpm1_2	5
sll0167	5
ssr0536	5
xylR	5
sll0772	5
sll0162	5
sll0160	5
sll1864	5
sll1848	5
sll1861	1
sll1863	5
sll1862	5
sll0156	5
sll0173	5
clpC	5
recG	5
petF4	5
ndhD	5
psaC	5
sll0350	5
sppA2	5
gnd	5
slr0360	5
ams1	5
nlpD	5
glgB	5
rfbW	5
sll0174	5
sll0175	5
sll0176	5
sll0177	5
sll0172	5
apcE	5
rfbA	5
guaB2	5
purF	5
rnc2	5
sll0325	5
slr0369	5
glcP	5
psbT	1
slr0363	5
slr0362	5
slr0361	5
sll0168	5
slr0366	5
slr0364	5
slr0771	2
slr0179	5
slr0354	5
leuA2	5
sll0209	5
sll0023	5
ssr3300	5
sll0309	5
secF	5
rfbC2	5
sll0163	5
sll0298	5
dnaK2	5
sll0301	5
mltA	5
slr0324	5
slr0784	5
gabD	5
slr1929	5
slr0780	5
slr0782	5
slr0378	5
slr1931	5
slr0379	5
ssl0564	5
slr0353	5
slr0373	5
slr0374	5
slr0376	5
slr0377	5
xthA	5
slr0351	5
glgA2	5
slr0356	5
ycf22_2	5
slr1934	5
mfd	5
sll0888	5
slr0634	5
sll0394	5
sll0395	5
moeA	5
slr0650	5
nirA	5
icfA2	5
menD	5
ycf46	5
natA	5
ruvB	5
ycf43	5
slr0915	5
ycf40	5
sll0413	5
sll0412	5
sll0410	5
sll0372	5
sll0415	5
sll0414	5
slr0491	5
slr0719	5
slr0495	5
slr0496	5
ftsH4	5
slr0416	5
slr0418	5
cynS	5
ssr0109	5
moaE	5
gyrA2	5
pstC2	5
slr0920	5
sll0072	5
sll0688	5
slr0640	5
slr0487	5
slr0484	5
slr0643	5
slr0482	5
slr0483	5
lytB	5
slr0488	5
rlpA	5
sll0400	5
sll0403	1
sll0405	5
sll0406	5
slr0919	5
sll0408	5
sll0409	5
slr0211	5
slr0210	5
sll0396	5
grpE	5
sll0397	5
ssl0769	1
glyQ	5
ssr1513	3
slr0421	5
petE	5
ssr0692	4
map3_pepM	5
napA	5
gltA	5
menE	5
ssr0332	3
slr0912	5
proA	5
slr0208	5
metS	5
sll0886	5
sll0887	5
sll0183	5
slr0914	5
slr0204	5
uvrB	5
folE	5
slr0479	5
sll0601	5
ssl0350	3
ssl0353	5
ssl0352	2
ssl0750	5
metH	5
slr0476	5
slr0474	5
sll0185	5
sll0181	5
sll0180	5
ccmK5	5
sll0182	5
sll0051	5
sll0189	5
sll0188	5
sll0055	5
vapC2	5
cbiM	5
slr0231	5
slr0232	5
slr0897	5
ribG	5
braG_or_livF	5
gltX	5
slr0896	5
slr0069	5
rps14	5
slr0064	5
slr0065	5
slr0067	5
slr0060	5
slr0061	5
slr0468	5
sll0384	5
rfbW2	5
glcD	5
pstA2	5
fmt	5
aspC2	5
sll0382	5
sll0192	5
glyS	5
sll0191	5
bioF	5
sll0381	5
sll0195	5
rpoD4	5
sll0198	5
gspE	5
moaC	5
hdrB	5
chlG	5
thrA	5
slr0222	5
slr0226	5
slr0224	5
gidA2	5
dacB2	5
slr0059	5
slr0058	5
slr0207	5
sphX	5
slr0199	5
slr0050	5
slr0053	5
ssl0738	2
sll0691	5
accC	5
accB	5
sll0615	5
sll0614	5
bchE	5
sll0611	5
slr0192	5
slr0193	5
slr0195	5
slr0196	5
slr0197	5
moaA	5
sll0385	5
pstB2	5
pstB3	5
ssl0331	5
sll0456	5
thiG	5
slr0049	5
slr0440	5
sll0689	5
ssr0336	3
sll0686	5
sll0687	5
groEL-2	5
sll0685	5
sll0602	5
ssl1300	5
rps4	5
sll0606	5
lpxA	5
slr0895	5
sll0608	5
sll0609	5
sll0369	5
rpiA	5
sll0178	5
purU	5
phy	5
slr0909	5
slr0489	5
dgkA	5
purN	5
trxM	5
slr0639	5
pheS	5
slr0431	5
rfbM2	5
im30	5
efp	5
slr0630	5
slr0635	5
trpG	5
slr0637	5
slr0636	5
ftrV	5
sll0205	4
sll0071	5
slr0420	5
ssr1528	5
slr0439	5
slr0438	5
secA	5
ssr0693	5
slr0209	5
dnaK3	5
pyrR	5
slr0913	5
carB	5
proA2	5
ilvN	5
gidA	5
dgt	5
pstS2	5
slr0907	5
ssl0788	5
slr0904	5
mmsB	5
sll0371	5
sll0462	5
gst	5
psbB	5
slr0642	5
sll0062	5
sll0063	5
sll0060	5
slr0427	5
sll0066	5
ssl0787	5
sll0064	5
cysG	5
slr0644	5
sll0068	5
sll0069	5
sll0376	5
psbX	3
slr0645	5
ssr1527	4
nc_slr1827-as	5
nc_ncl0620	4
nc_slr1609-as	3
nc_slr0529-as	4
nc_sll1223-as	2
nc_sll0842	3
nc_slr1267-as	5
nc_slr0031	5
nc_slr1084-as	3
nc_ncl0880	2
nc_slr0293-as	1
nc_slr1246-as	5
nc_slr1557-as2	1
nc_ncl0570	2
nc_ssl2922-as	2
nc_ncl0260	5
nc_slr2118-as	2
nc_ncl0750	5
nc_slr1655-as	1
nc_slr1174	4
nc_slr2001-as	5
nc_sll1289-as	2
nc_sll1583	5
nc_slr1277-as3	3
nc_slr0306	4
nc_sll0325-as	5
nc_slr0082	5
nc_slr0804-as	2
nc_ssl1255-as	4
nc_slr1396	2
nc_sll1879-as	1
nc_sll1432-as	5
nc_slr0906-as	5
nc_sll1354-as	3
nc_slr1028-as7	3
nc_sll0821-as	2
nc_slr0615-as2	2
nc_sll0401-as2	3
nc_ncl0320	5
nc_slr1556-as	5
nc_slr0697-as	4
nc_slr0615	5
nc_sll1150	2
nc_slr1443	5
nc_slr0654-as	5
nc_sll1329	5
nc_slr0807-as2	4
nc_slr0829	1
nc_slr0707-as	3
nc_slr1771-as	4
nc_slr1588	5
nc_sll1334-as	4
nc_sll0413-as	3
nc_sll0862	2
nc_sll0541-as3	4
nc_sll1546-as	5
nc_ncl0640	5
nc_slr1028-as	4
nc_sll1823-as	5
nc_sll0228	2
nc_slr1274	2
nc_sll1229	5
nc_slr1721-as	3
nc_slr0517-as	5
nc_sll1594-as	5
nc_slr0930-as	5
nc_sll1721-as	5
nc_sll0614	3
nc_sll1228	5
nc_slr0208-as	5
nc_sll1098	5
nc_slr1934	5
nc_sll1987	5
nc_slr0007	4
nc_slr1128-as	2
nc_sll0779-as2	2
nc_slr0197-as	5
nc_slr0042-as2	1
nc_sll1830-as	5
nc_slr1596-as	3
nc_sll1570-as	5
nc_slr2076	3
nc_ssr2078-as2	1
nc_sll0409-as	4
nc_slr1393-as2	4
nc_slr0756	4
nc_sll1265-as2	5
nc_sll0631	2
nc_sll0247-as2	5
nc_sll0320	5
nc_slr0854	5
nc_slr0442-as	2
nc_sll1525-as	3
nc_ncr0690	5
nc_sll0518-as	5
nc_ssl0564-as	5
nc_slr0487-as	5
nc_slr0807-as	5
nc_slr1592-as	3
nc_slr2031-as2	2
nc_sll0163-as2	2
nc_sll0899-as	2
nc_sll1121-as	2
nc_sll1885-as	5
nc_slr0557-as	4
nc_sll1383	2
nc_sll1694-as	1
nc_sll1370-as	4
nc_sll0027-as	3
nc_slr0331-as	4
nc_slr0063	5
nc_slr1315-as2	1
nc_sll1571-as3	1
nc_slr2088-as	2
nc_slr1847-as	5
nc_slr0643-as	2
nc_sll0765-as2	1
nc_ncr0210	5
nc_ncl1100	5
nc_sll0513-as	4
nc_slr0408-as	5
nc_ncr1525	5
nc_sll1819	8
nc_sll0461-as	5
nc_sll1771-as	3
nc_smr0005	5
nc_sll0708	2
nc_sll0868	5
nc_sll0238-as	2
nc_sll0290-as	5
nc_ncl0720	2
nc_slr1911-as	5
nc_sll0156-as	1
nc_slr2089-as4	4
nc_sll1631-as	4
nc_slr0201	5
nc_slr1076	5
nc_slr2006-as	5
nc_slr1467-as	3
nc_sll1732-as	5
nc_slr1197-as	5
nc_ncr0410	5
nc_ncl1720	1
nc_sll0728-as	5
nc_sll0002-as	4
nc_ncr1300	5
nc_slr1198-as2	4
nc_sll1951	3
nc_slr0453-as	5
nc_sll1228-as2	5
nc_slr1476-as	5
nc_ncr0810	2
nc_slr0783	5
nc_sll0088-as2	5
nc_slr1403-as3	2
nc_slr2076-as2	4
nc_ncl1350	3
nc_slr0658	3
nc_sll1626	1
nc_slr0447	5
nc_sll0423	2
nc_slr0536-as2	4
nc_ncl1580	1
nc_slr0216-as	5
nc_ncl0830	5
nc_slr0744-as	4
nc_slr1857	5
nc_slr0487	5
nc_slr0747-as	5
nc_sll0681-as	5
nc_slr0331	2
nc_sll0616-as2	5
nc_slr0953-as	5
nc_slr1828-as	5
nc_slr1022	3
nc_ncl1590	5
nc_ncr0080	5
nc_slr0467-as	4
nc_ncr1590	4
nc_sll1892	3
nc_sll1006-as2	2
nc_sll1127-as	5
nc_slr1931-as	2
nc_slr1828	4
nc_ncl1310	4
nc_slr0556-as	4
nc_slr1101-as	5
nc_ncr1570	5
nc_sll0549	4
nc_slr0798-as	5
nc_slr1610-as	4
nc_slr0199-as	3
nc_sll1724-as	3
nc_slr0935-as	4
nc_slr1176-as	5
nc_sll0847	4
nc_sll1941-as	4
nc_slr0877-as	5
nc_sll1360-as	5
nc_slr1510	2
nc_sll0524-as	5
nc_slr1694	1
nc_slr1503	5
nc_slr0427	3
nc_sll0023-as	5
nc_sll0207	4
nc_sll1247-as	4
nc_ncl1300	5
nc_sll1040	5
nc_sll1533	5
nc_slr0740-as	3
nc_sll0169	1
nc_slr1552-as2	2
nc_sll1338-as	4
nc_slr1697-as	5
nc_sll0587	4
nc_ssl2501-as	3
nc_slr1608-as2	2
nc_sll1681-as	5
nc_ncl0610	2
nc_ncr0960	2
nc_slr2009	4
nc_slr2027	5
nc_slr0469	2
nc_slr0007-as	3
nc_sll1020	1
nc_sll0936-as	1
nc_sll1441	4
nc_ncl1230	5
nc_slr0338-as	4
nc_sll2003-as	1
nc_sll1608-as	4
nc_slr0594-as	2
nc_sll0148-as	5
nc_slr2018-as	5
nc_slr1666-as	5
nc_slr0807-as3	5
nc_slr0662-as2	5
nc_sll1556-as	5
nc_sll1694	3
nc_slr0643	3
nc_sll1981	3
nc_sll0174-as2	3
nc_sll0617-as	2
nc_slr1756	5
nc_sll0930-as	3
nc_ncr1410	3
nc_sll0068	5
nc_sll1502	4
nc_slr1307-as	3
nc_sll1653	4
nc_slr1344-as	3
nc_sll0219-as	3
nc_ncl0780	3
nc_slr1609	5
nc_slr1753-as	2
nc_ncl0160	5
nc_sll1006-as	5
nc_slr1501	4
nc_sll0020-as	3
nc_ssl2982-as	1
nc_sll0680-as	2
nc_slr1222	5
nc_slr2131-as	5
nc_slr0442	1
nc_sll1032	1
nc_ncl1440	1
nc_slr1028	5
nc_sll1739-as	1
nc_slr0103	5
nc_slr1969	2
nc_sll1372-as	4
nc_slr0536	4
nc_slr0267-as	5
nc_sll0314	2
nc_sll0654-as2	5
nc_sll0641-as	3
nc_slr0080-as	5
nc_ssl2999	5
nc_sll1676	5
nc_sll1178-as	4
nc_sll1734	3
nc_slr1400	2
nc_slr1393-as3	5
nc_ncr1670	2
nc_sll1124-as2	4
nc_sll0854-as	5
nc_slr0963-as3	2
nc_ncl1150	5
nc_sll1130-as	3
nc_sll1894-as	3
nc_slr0208-as2	2
nc_sll1635-as	2
nc_sll1070-as3	5
nc_ncr0380	5
nc_slr1624-as	5
nc_sll0505-as2	1
nc_slr0917	4
nc_ncl0845	2
nc_sll2002-as	3
nc_slr1763-as	1
nc_sll0842-as	1
nc_slr1763-as2	4
nc_sll1598-as	1
nc_slr1919-as	5
nc_sll0223-as	5
nc_sll1951-as	3
nc_sll1808	4
nc_slr1378	3
nc_slr1174-as	4
nc_ncr1420	5
nc_slr1958	4
nc_sll1831	5
nc_slr1991	3
nc_ssr3129-as	1
nc_sll0202	2
nc_slr0442-as3	5
nc_slr0993	3
nc_sll0145-as	3
nc_slr0993-as	4
nc_sll1606-as	4
nc_sll1070-as	5
nc_slr1722	3
nc_slr0688-as	5
nc_sll1812-as	5
nc_slr0655-as	5
nc_sll0170-as	5
nc_slr1438	5
nc_slr0788-as	3
nc_slr2045	1
nc_slr1734-as	4
nc_slr0953	4
nc_ncr0050	2
nc_sll1206-as2	3
nc_slr0646-as	2
nc_sll0498-as	5
nc_ncr1620	5
nc_slr1098	2
nc_ssl3712-as	5
nc_slr0851	2
nc_slr1076-as	3
nc_sll1189	5
nc_slr0331-as2	4
nc_ncr1010	2
nc_slr0408-as2	5
nc_slr0658-as	2
nc_sll1360-as2	5
nc_slr0257	4
nc_sll1424-as2	4
nc_slr1731-as	5
nc_sll1811-as	3
nc_ncr0710	1
nc_slr1744-as	5
nc_slr1179	5
nc_slr1435-as	2
nc_sll0271-as	3
nc_sll1744	5
nc_slr1200-as	3
nc_slr0742-as	5
nc_slr0889	4
nc_ncr0520	3
nc_sll1206	1
nc_slr0551-as	2
nc_ncr0550	4
nc_ncl1670	5
nc_sll1874-as	5
nc_sll0007-as	5
nc_slr1512	4
nc_sll0810	2
nc_sll0024-as	5
nc_slr0658-as2	3
nc_sll0066	3
nc_slr0844	5
nc_slr2034-as	5
nc_sll2013-as	1
nc_sll1527-as	3
nc_slr1114	5
nc_ncl0200	3
nc_ncl0800	2
nc_ssl2781-as	2
nc_sll1575-as	2
nc_ssr2061	3
nc_slr0746	5
nc_sll0923	5
nc_slr1270-as	1
nc_slr0346-as	5
nc_slr1028-as15	4
nc_slr0645-as2	5
nc_sll1296-as	4
nc_sll0300-as	5
nc_slr0528-as	5
nc_slr1565	5
nc_sll1534	6
nc_sll1326-as	3
nc_slr0758-as	5
nc_slr1556	5
nc_sll0798-as	1
nc_sll0920-as3	5
nc_slr1575-as	5
nc_ncr0320	2
nc_sll0766	5
nc_ncr1550	2
nc_sll1315	3
nc_sll1906-as2	1
nc_ncl1340	3
nc_slr0670	5
nc_slr0758	4
nc_slr0658-as3	2
nc_slr0864-as	5
nc_sll1888-as	3
nc_slr1649	3
nc_sll1932-as	3
nc_sll1131-as	5
nc_ssr1765	2
nc_sll0408	2
nc_sll0267-as	1
nc_slr0320-as4	3
nc_ncr1460	5
nc_slr0358-as	3
nc_slr0656	1
nc_slr2098	5
nc_slr1591-as	2
nc_slr1964	4
nc_slr1028-as2	5
nc_sll1352	2
nc_slr0612-as	5
nc_sll1917-as	1
nc_slr1077-as	4
nc_ncl1045	2
nc_slr1290-as	5
nc_sll1184	5
nc_slr0207	3
nc_sll2008	3
nc_sll0723-as3	2
nc_slr0772	5
nc_sll0375-as	5
nc_ssr0706-as	1
nc_sll1965	4
nc_sll1906-as	5
nc_sll1723-as	2
nc_sll0270	4
nc_slr0617	1
nc_slr0040-as	3
nc_slr1609-as2	4
nc_ncr0150	5
nc_slr1028-as8	5
nc_slr1269	3
nc_slr0587	1
nc_ncr0910	1
nc_ncr1480	4
nc_sll1806-as	5
nc_sll0284-as2	3
nc_sll0710-as	1
nc_slr1403-as2	5
nc_sll1265	5
nc_ncl0500	2
nc_slr1783-as2	3
nc_ncr1360	2
nc_ncl0560	5
nc_sll0802	4
nc_sll0928-as2	2
nc_ncr0510	4
nc_sll0992-as	3
nc_sll1967-as	5
nc_slr1083-as	4
nc_sll1898	5
nc_sll1568	3
nc_sll0794	2
nc_sll1770	3
nc_slr0949	4
nc_sll0922-as	2
nc_slr0813-as	2
nc_sll1895	2
nc_ncr0640	2
nc_sll1037-as	4
nc_sll1353-as	2
nc_slr0483-as	5
nc_sll1775	2
nc_ncr0980	3
nc_ssr1038	5
nc_sll0027	5
nc_slr2046-as	5
nc_ssr2061-as	5
nc_sll1750-as	1
nc_slr1166-as	5
nc_sll1306-as	3
nc_sll1362	5
nc_ncl0540	3
nc_sll1586-as2	2
nc_ncl0020	4
nc_ssr1880-as	2
nc_sll1499-as	1
nc_slr1306	5
nc_sll0505-as	2
nc_sll0996	4
nc_slr0445	3
nc_slr0300-as	1
nc_slr0192-as	5
nc_slr1324-as	5
nc_sll1543-as	5
nc_slr1794	3
nc_sll0829-as	5
nc_slr0744-as2	5
nc_slr1783-as	4
nc_ncr0800	2
nc_ncr0720	3
nc_slr0823-as	1
nc_ncl1530	4
nc_ncl1210	4
nc_slr2046-as3	2
nc_slr1476-as2	5
nc_sll1534-as	4
nc_slr1142-as	3
nc_slr0423	5
nc_sll1521-as	3
nc_ncl0280	2
nc_slr1415	5
nc_sll1228-as	5
nc_ncr1350	5
nc_sll1722-as	3
nc_slr1540	5
nc_ncr0700	5
nc_sll1315-as	2
nc_ncr0390	3
nc_slr0054	5
nc_slr0743a	5
nc_slr1691-as2	2
nc_ncr0530	2
nc_slr0369-as	3
nc_sll1717	3
nc_slr1429	1
nc_ncl0490	3
nc_slr0032	3
nc_sll1920	2
nc_ncr0460	4
nc_slr1939-as	3
nc_sll1740	3
nc_slr0434-as	2
nc_slr0115	3
nc_sll0207-as	1
nc_sll1470-as	5
nc_sll1703-as	4
nc_ssr2333-as	2
nc_sll0309	5
nc_ncl0270	2
nc_slr0092-as	2
nc_sll2002	5
nc_slr0865-as	5
nc_slr0842	2
nc_slr0649	3
nc_slr0618-as	4
nc_sll1586	5
nc_ncl0550	2
nc_sll0621-as	3
nc_slr1969-as2	5
nc_sll2001	5
nc_sll0502	3
nc_sll0763-as	3
nc_slr1248-as	4
nc_sll1696	5
nc_sll1296	2
nc_slr1993-as	3
nc_ncr0400	2
nc_ncl0590	5
nc_slr1691-as	4
nc_ssl3580	3
nc_sll1656-as	5
nc_slr0604	5
nc_ncr0590	4
nc_sll0751	4
nc_sll0640-as3	3
nc_slr2132-as2	2
nc_sll0656-as	5
nc_slr1028-as11	4
nc_slr0011	3
nc_slr0316	4
nc_sll1376-as	1
nc_ssl3382-as	4
nc_slr0822	4
nc_sll1023-as	1
nc_sll0427	3
nc_ncr0830	2
nc_sll0209-as2	1
nc_slr0320-as3	2
nc_ncl1010	5
nc_slr1213-as	2
nc_ncr0070	4
nc_sll0944	2
nc_ncr0075	5
nc_slr0273	2
nc_sll1606	2
nc_sll0640	5
nc_sll0006-as	2
nc_slr2088	5
nc_sll0686	4
nc_sll1112-as	4
nc_sll0026-as	3
nc_slr0721-as	5
nc_slr0522-as	4
nc_sll1084-as	3
nc_ncl0760	1
nc_ncl0150	1
nc_ncr0330	3
nc_sll1833-as	5
nc_sll0793-as	1
nc_slr1718-as	2
nc_slr1028-as6	5
nc_sll0794-as	5
nc_slr1703-as	5
nc_ncr1600	5
nc_ncr1220	1
nc_slr0679-as	3
nc_sll1865	3
nc_slr1128-as2	3
nc_sll2012	4
nc_sll0843-as	1
nc_slr0261-as	5
nc_sll1423	5
nc_ncl1470	2
nc_ncl0360	3
nc_ssr2755-as	3
nc_ssl3649	3
nc_sll1290	4
nc_sll1605	2
nc_slr0534-as3	5
nc_sll1844-as2	3
nc_slr1608-as3	1
nc_ncl0770	2
nc_slr0145-as	2
nc_slr1491-as	4
nc_slr0320	2
nc_ncl0820	5
nc_slr1751-as	5
nc_ssr0109-as	1
nc_sll0082-as	4
nc_slr0398-as	2
nc_sll0891-as	3
nc_sll1800-as	5
nc_sll0533	1
nc_slr0143-as2	4
nc_ssr2078-as	1
nc_sll0443-as	5
nc_sll0254	1
nc_slr0869-as	2
nc_slr0581	4
nc_slr0039-as	5
nc_slr2098-as	5
nc_sll0944-as	2
nc_slr1908-as	5
nc_sll1686-as	3
nc_sll1744-as	5
nc_sll2001-as	5
nc_sll0584-as	3
nc_sll0021	3
nc_ncr0940	2
nc_sll1524-as	1
nc_sll0048	3
nc_slr1706	3
nc_slr2067-as2	2
nc_slr0913-as	2
nc_sll0843-as2	4
nc_sll1704	4
nc_sll1277-as	5
nc_ncl0930	2
nc_sll1699-as	5
nc_slr1926-as2	2
nc_slr2070-as2	4
nc_sll0108	5
nc_sll2006-as	3
nc_slr1044	4
nc_sll0419	3
nc_slr1070	1
nc_sll0823-as	3
nc_slr0073	1
nc_sll1679-as	5
nc_slr1067	5
nc_sll1905	5
nc_slr0369-as2	5
nc_sll1028-as	5
nc_ncl1255	4
nc_sll0541	5
nc_ncl1380	2
nc_ncr1490	1
nc_slr0882-as	5
nc_ssr2315	4
nc_sll0753-as	2
nc_sll1730-as2	4
nc_slr0688-as2	5
nc_ncr0820	4
nc_slr1494-as	1
nc_ncr0870	5
nc_sll1667-as	5
nc_slr0322-as	1
nc_slr1901	4
nc_sll0759	5
nc_slr1613	2
nc_sll1372	5
nc_sll0497	2
nc_slr0887	3
nc_sll1945	4
nc_sll0980	4
nc_ncr1650	4
nc_ncr0790	2
nc_ncr1470	3
nc_sll1699	4
nc_slr1639	1
nc_sll1677-as	2
nc_sll1124-as	5
nc_ncl1690	2
nc_slr0031-as	5
nc_sll0207-as2	2
nc_slr1081-as	2
nc_sll0696-as	2
nc_slr1138-as	3
nc_sll1276-as	4
nc_slr0151	5
nc_slr1541	3
nc_ncl0690	5
nc_slr1570-as	5
nc_slr1385	2
nc_ncl1390	1
nc_slr0593-as	4
nc_ssr2848-as	5
nc_sll0723-as2	4
nc_slr0370-as	2
nc_slr0440-as	2
nc_sll1027-as	5
nc_ncl1630	5
nc_slr2043-as	4
nc_slr1593	1
nc_sll1695-as	4
nc_ssr1562-as2	5
nc_ncl1040	3
nc_sll1501	5
nc_slr1187-as	3
nc_slr2083-as2	4
nc_sll0930	5
nc_slr0104	3
nc_slr0033-as	2
nc_sll1289-as2	5
nc_slr1050-as	3
nc_slr0063-as	5
nc_slr1673-as	2
nc_sll1890	2
nc_sll0993	5
nc_slr1159	4
nc_sll0241	5
nc_slr0359-as3	2
nc_slr1403-as	2
nc_slr1984	4
nc_slr1552-as3	1
nc_slr0379	5
nc_slr1615-as	3
nc_sll0934	5
nc_slr1206	2
nc_sll0552-as	4
nc_slr0327-as	3
nc_slr1593-as	2
nc_sll0545	4
nc_slr1322-as2	5
nc_slr1413-as	1
nc_slr0394-as	4
nc_sll1929	1
nc_sll0833	3
nc_sll1528-as	2
nc_ncl1050	2
nc_ncr1230	2
nc_ncr0730	5
nc_ssl2084-as	2
nc_sll1496-as	3
nc_sll0225-as	4
nc_slr2031-as	5
nc_slr1930	6
nc_ncl0440	1
nc_sll2010-as	4
nc_slr1416	3
nc_sll1193-as2	4
nc_slr1207-as	5
nc_sll0207-as3	4
nc_sll0765-as3	2
nc_slr1895	5
nc_ncr0580	3
nc_sll0928	5
nc_sll0779	5
nc_ncl1330	4
nc_slr0542-as	2
nc_slr0056-as2	5
nc_slr1365	1
nc_slr0713-as2	1
nc_slr2076-as	5
nc_slr2027-as	3
nc_sll0295-as	3
nc_slr2111-as	1
nc_sll0445	4
nc_ncr1690	3
nc_sll1270-as	5
nc_sll1360	5
nc_slr0623-as	2
nc_sll0926-as2	1
nc_sll1941	1
nc_slr1459-as	4
nc_slr0320-as	3
nc_ssl3222-as	3
nc_sll1194	3
nc_sll0812-as2	1
nc_sll0640-as	2
nc_sll1374-as	5
nc_slr1705-as	5
nc_slr0936-as	3
nc_ncr0575	1
nc_sll1104-as	4
nc_sll0876	4
nc_slr1597-as	1
nc_slr0817-as	4
nc_sll1586-as	3
nc_slr0261-as3	1
nc_slr0474-as	3
nc_slr0186	5
nc_sll1496-as2	3
nc_sll1862	2
nc_slr0624	3
nc_sll0899-as2	5
nc_slr1431	5
nc_sll1755-as	2
nc_sll1426	3
nc_sll0268	2
nc_slr1104	2
nc_slr1043	5
nc_slr0721	2
nc_sll1415	4
nc_slr0976	5
nc_sll1476-as	4
nc_ncr1710	2
nc_sll1669-as	2
nc_sll1750	3
nc_slr2009-as	2
nc_sll0587-as	1
nc_slr1808	5
nc_sll0921-as	5
nc_ncl1270	1
nc_slr1163	5
nc_slr1277	2
nc_slr1028-as13	1
nc_slr1431-as	1
nc_slr1816-as	5
nc_sll0258	4
nc_ncr0840	2
nc_slr0981	4
nc_slr1085-as	5
nc_ncr0040	1
nc_slr0872-as2	1
nc_sll1265-as	3
nc_sll1851-as	3
nc_sll0284-as	3
nc_sll0260	5
nc_sll1572-as3	4
nc_sll0728-as2	4
nc_sll1344-as	2
nc_sll1406	4
nc_sll1516-as	2
nc_sll1184-as	1
nc_slr1462-as	2
nc_slr0852	2
nc_slr1759	1
nc_slr1107-as	1
nc_slr0482	3
nc_slr1929-as	4
nc_sll1822	4
nc_ncr0490	4
nc_ssl2717-as	2
nc_slr0366-as	3
nc_sll1578	4
nc_sll1434-as	1
nc_ssl3076	4
nc_slr0900	3
nc_ssr1513-as	1
nc_sll1749-as	2
nc_sll0374	2
nc_ncr1397	4
nc_slr0801	5
nc_slr1616	1
nc_sll0217	5
nc_slr1295	2
nc_sll0920-as2	2
nc_ncl1170	4
nc_slr1572	4
nc_slr1926-as3	1
nc_slr1534-as	5
nc_slr0946	3
nc_ncl1450	5
nc_slr1312	1
nc_sll0616-as	5
nc_slr2026	5
nc_sll0503-as2	2
nc_sll1528	3
nc_ssl1972-as	2
nc_slr2077-as	1
nc_ssr2831	1
nc_slr0583	5
nc_ncl1160	2
nc_ncl0400	3
nc_sll1498-as2	3
nc_sll1732	4
nc_sll1371	4
nc_slr1400-as	3
nc_sll1608	1
nc_sll1572-as	5
nc_sll1350-as	5
nc_sll0779-as	2
nc_ncl0350	5
nc_slr0645-as	5
nc_sll0149	3
nc_slr1453-as	3
nc_slr0604-as2	5
nc_sll0107-as	5
nc_slr0359-as	3
nc_ncr0280	5
nc_slr0302	2
nc_slr1800-as	1
nc_slr0806	3
nc_slr2004	3
nc_slr0779	4
nc_ncr1390	5
nc_slr0554	5
nc_ncr0970	4
nc_sll0177-as	1
nc_slr1999-as	2
nc_sll0818	3
nc_slr1383-as	3
nc_sll1182-as	3
nc_sll0558	4
nc_slr1254-as	4
nc_sll0778-as	2
nc_sll0683	1
nc_ncl0810	1
nc_sll1638-as	1
nc_sll0503-as	3
nc_slr0484	2
nc_slr1899	3
nc_slr1367-as	1
nc_sll0847-as	5
nc_sll0711	5
nc_slr0042-as	1
nc_sll1341-as	5
nc_sll0750-as	5
nc_ncr1070	3
nc_sll0182-as	2
nc_ncr0240	2
nc_sll0909-as	5
nc_slr1336	5
nc_sll0083-as	3
nc_slr1866-as2	2
nc_slr1332-as	2
nc_slr1462	3
nc_slr1608-as	3
nc_ssr2422	2
nc_sll0830-as	4
nc_slr0345-as	2
nc_sll0298	2
nc_slr1727-as2	5
nc_ncl1680	5
nc_sll1725-as	5
nc_sll1942	3
nc_sll1623	1
nc_slr1177-as	1
nc_sll1127-as2	5
nc_sll0680	3
nc_sll1033	2
nc_slr0872-as	2
nc_slr1657-as	1
nc_slr1878-as	3
nc_slr1227-as2	5
nc_sll1191	2
nc_sll0740	2
nc_sll0540-as	5
nc_slr0806-as	3
nc_ssl0318	2
nc_slr0442-as2	3
nc_ncl1130	1
nc_slr0537-as	1
nc_sll0813	3
nc_sll1697	1
nc_ssl1633-as2	4
nc_ncl1020	3
nc_slr1415-as	2
nc_ncr0630	2
nc_sll1283	10
nc_sll0943	4
nc_slr2062-as	3
nc_slr2046-as4	5
nc_ssl0312	2
nc_sll0263-as	2
nc_slr0327	2
nc_slr1164-as	5
nc_slr1403	2
nc_slr1507-as	4
nc_sll1787-as	5
nc_sll1191-as	5
nc_slr0144-as	1
nc_sll1908-as	5
nc_sll0337-as	4
nc_slr2098-as2	2
nc_sll1473	1
nc_sll0170	5
nc_sll0446	5
nc_sll0377	5
nc_sll1938	1
nc_sll1572-as2	1
nc_slr0600-as	5
nc_ssr2711-as	3
nc_sll0227-as	4
nc_sll0204-as2	5
nc_slr0210-as	2
nc_sll0209-as	2
nc_slr0226-as	2
nc_ncr0020	2
nc_sll1025-as	3
nc_sll0505	5
nc_sll1500-as	3
nc_sll0372-as	5
nc_sll1878-as	2
nc_sll0174-as	2
nc_slr1928-as	4
nc_slr0900-as	3
nc_ssr2061-as2	1
nc_slr1670	2
nc_sll0798-as2	3
nc_sll1814	4
nc_sll1658-as	2
nc_slr1073-as	2
nc_ncl0080	3
nc_sll1730-as	5
nc_sll0821	7
nc_ncr1160	2
nc_slr0907-as	2
nc_slr1510-as	2
nc_slr1103	3
nc_sll0167	5
nc_slr0624-as	5
nc_ssr3122	5
nc_ncr0290	5
nc_slr0213-as	3
nc_slr1776-as2	5
nc_sll0224-as	3
nc_sll1121-as2	3
nc_slr0589	2
nc_ncl0050	1
nc_slr1204	4
nc_slr1776-as	2
nc_slr1478	2
nc_slr0770-as	1
nc_slr1119-as	5
nc_slr0535-as	5
nc_slr0665	1
nc_slr1367	5
nc_ncr1200	2
nc_ncr0270	3
nc_sll0371-as	2
nc_sll1036	3
nc_ncr0560	1
nc_sll0370-as	2
nc_slr2047	2
nc_sll0284	4
nc_ssl2667	2
nc_ncl0170	2
nc_sll0368	2
nc_sll0188-as	3
nc_sll1746	5
nc_ssr3307-as	3
nc_slr2046	5
nc_ncl1710	2
nc_sll1660	4
nc_slr1667-as	2
nc_slr0536-as	2
nc_slr2051	4
nc_sll1814-as	2
nc_ncl0230	3
nc_slr0771-as	2
nc_slr0727-as	1
nc_slr2089-as3	2
nc_slr0408-as3	2
nc_slr1704-as	5
nc_slr0042-as3	3
nc_ncr0740	3
nc_slr0710-as	5
nc_slr0104-as	5
nc_sll1515-as2	3
nc_ncr1560	1
nc_ncr1071	3
nc_slr1940	1
nc_sll1571-as2	1
nc_sll1234-as2	3
nc_sll1752-as	2
nc_sll0217-as2	5
nc_slr1661	3
nc_slr2007-as	3
nc_slr1865-as	2
nc_sll0207-as4	1
nc_slr0981-as2	1
nc_smr0015	2
nc_sll0712	4
nc_slr0918	2
nc_slr1102-as2	5
nc_sll0306-as	2
nc_slr1864	3
nc_sll1691-as	5
nc_sll0574-as	4
nc_slr0920-as	4
nc_sll0634-as	5
nc_ncr0090	4
nc_slr1228	1
nc_slr1451	5
nc_ncl1190	4
nc_slr1924-as	1
nc_sll1685-as	1
nc_slr0798-as2	2
nc_ncl0650	5
nc_slr1490	5
nc_ssl0601-as	1
nc_slr0897	1
nc_ncr1270	2
nc_ncl1700	5
nc_slr0756-as2	4
nc_slr0776	3
nc_ncl1280	2
nc_ncl1410	2
nc_slr0261-as2	4
nc_slr0782	2
nc_sll1584-as	1
nc_slr1023	4
nc_ncr1530	1
nc_slr0380-as	2
nc_sll0192	2
nc_sll0462	1
nc_sll0760	2
nc_sll1170	2
nc_slr0618	1
nc_ncl1220	3
nc_slr0689	2
nc_slr0854-as	5
nc_slr0488-as	2
nc_slr1819	3
nc_ncr0920	1
nc_ncr1080	2
nc_sll0834	5
nc_sll1070	5
nc_slr1942-as	5
nc_sll1825-as	4
nc_slr1211-as	5
nc_slr1442	1
nc_slr0468	1
nc_ncl0850	1
nc_slr1704	4
nc_sll1531-as	1
nc_sll1018	4
nc_ncl0900	3
nc_sll0621-as2	4
nc_sll1687-as	2
nc_slr0513-as	4
nc_slr1140	5
nc_sll0873	5
nc_slr1278	5
nc_slr0423-as	3
nc_sll1664-as	3
nc_ssr2857-as	5
nc_sll1253-as	3
nc_slr0169	5
nc_sll0461-as2	2
nc_slr0408	3
nc_ncl1460	3
nc_slr1998-as	3
nc_slr0971-as	2
nc_slr1048-as	4
nc_ncr0200	5
nc_slr0231-as	2
nc_ncr1700	1
nc_ncr0300	4
nc_slr1537	3
nc_slr0319	1
nc_sll1374	3
nc_slr2045-as	2
nc_ncl0870	2
nc_sll0997	4
nc_ssr2554-as	5
nc_sll1224	1
nc_slr1572-as	2
nc_sll1479-as	4
nc_sll0754-as	5
nc_sll0923-as2	1
nc_slr1173-as	1
nc_sll0648-as	2
nc_sll1930-as	1
nc_slr1181-as	5
nc_ncl1260	3
nc_sll0247-as	4
nc_slr1403-as6	4
nc_slr0420	4
nc_ssr1375-as2	2
nc_sll0639-as	1
nc_sll1867-as	1
nc_slr1803	1
nc_sll1755-as2	5
nc_slr1219-as	5
nc_sll0541-as	2
nc_slr0479-as	4
nc_sll0732-as	3
nc_slr1145	2
nc_slr0829-as	2
nc_ssr2439-as	1
nc_ncl0410	3
nc_sll0067-as	2
nc_slr1897	2
nc_slr0963-as	4
nc_sll0107	5
nc_slr1431-as2	3
nc_sll0477-as	1
nc_slr0319-as	5
nc_ssr1558-as	3
nc_slr0662-as	1
nc_slr0109	1
nc_slr0237-as	2
nc_slr1847	2
nc_sll1321-as	5
nc_sll1709	2
nc_slr1923	1
nc_sll0867	1
nc_slr0844-as	4
nc_ncr0570	1
nc_sll0297-as	2
nc_ssl0318-as	3
nc_sll1334	1
nc_slr0680-as	1
nc_sll1988	3
nc_sll1193-as	1
nc_slr0593	2
nc_sll1580	2
nc_slr0993-as2	5
nc_sll0542	2
nc_slr0796	2
nc_sll0723-as	5
nc_slr1263-as	2
nc_sll0659-as	5
nc_ncr0860	2
nc_sll0550	3
nc_slr0317-as	3
nc_slr2141	1
nc_sll0744-as	3
nc_slr0366	2
nc_slr0301-as	1
nc_slr1041-as	4
nc_slr0309	2
nc_sll1369-as	3
nc_slr1028-as3	1
nc_slr0084	3
nc_slr1403-as8	1
nc_sll0938	2
nc_ncl1650	4
nc_ssl1690	1
nc_sll1820	2
nc_ncl1060	2
nc_sll1528-as2	2
nc_slr1266	2
nc_slr2076-as3	5
nc_slr1869-as	3
nc_sll0920-as	2
nc_ncr0370	3
nc_sll0860-as	2
nc_sll0895	2
nc_ncr0350	3
nc_slr0619-as	1
nc_ncl1370	1
nc_sll1121-as3	5
nc_ncr1450	2
nc_ncr0850	2
nc_sll1009	1
nc_slr1584	4
nc_slr0415-as3	5
nc_slr1856-as	2
nc_slr1102-as	1
nc_slr1305-as	2
nc_slr1147-as2	5
nc_slr0604-as	5
nc_ncl1610	1
nc_slr1939	4
nc_sll1542	2
nc_ncl0680	2
nc_slr0907-as2	2
nc_sll1363-as	5
nc_slr0835-as	1
nc_slr1490-as2	5
nc_slr0917-as	1
nc_sll1503-as2	1
nc_sll1253	2
nc_sll0980-as	1
nc_slr2070-as	2
nc_slr0902	2
nc_sll1482-as	2
nc_slr1226	1
nc_sll0405-as	3
nc_slr1122	1
nc_slr0480-as	1
nc_slr1237	1
nc_sll0274-as	5
nc_sll0606	4
nc_sll1547	1
nc_slr1223-as	1
nc_slr0521-as2	3
nc_slr1148-as	2
nc_ncr0430	1
nc_sll1103	4
nc_sll0656	2
nc_sll0756-as	1
nc_slr0229	1
nc_sll0869	1
nc_sll0220	2
nc_ncr0310	2
nc_slr0143-as	1
nc_sll0217-as	4
nc_slr0891-as	2
nc_slr2046-as5	1
nc_slr0757-as2	5
nc_sll1064-as	4
nc_ncl1480	4
nc_sll1558	1
nc_slr1490-as	3
nc_sll1041-as	5
nc_ncr1340	1
nc_sll1178	1
nc_ssl0769-as	2
nc_slr0056-as3	4
nc_slr0479-as2	2
nc_slr1277-as	4
nc_slr1133	1
nc_sll0088-as	5
nc_slr1744	1
nc_sll1888	2
nc_sll0045	5
nc_sll1665-as	5
nc_ncl1800	2
nc_slr0359-as2	3
nc_sll0993-as	4
nc_ncl0380	1
nc_slr0743-as	3
nc_ncr1090	2
nc_sll1206-as	1
nc_sll0415	4
nc_slr0378-as	3
nc_slr0586	2
nc_sll0517	3
nc_slr0273-as	3
nc_slr1064	4
nc_sll0204-as	1
nc_sll1561	2
nc_sll0745	3
nc_sll0163-as	4
nc_ncr0030	2
nc_slr1910	1
nc_slr1729-as	5
nc_ssl1378-as	1
nc_sll0493	5
nc_slr0896	2
nc_slr1237-as	2
nc_ncl0060	1
nc_sll0765-as	2
nc_slr1178	1
nc_sll0108-as	2
nc_slr1744-as2	1
nc_ncl0240	1
nc_slr0936	5
nc_slr1034-as	3
nc_ncr0650	2
nc_sll0679	3
nc_sll0406-as	2
nc_ncl1200	3
nc_sll0273	2
nc_slr1403-as7	2
nc_sll1498-as	2
nc_slr1636	2
nc_slr2023	2
nc_slr1103-as	2
nc_sll1017	2
nc_slr1789	3
nc_ncr1150	2
nc_smr0001	1
nc_slr0459-as	3
nc_ncr0220	1
nc_sll1950	2
nc_slr2046-as6	2
nc_ssr2848-as2	2
nc_slr1857-as	4
nc_sll1736	4
nc_ncr0440	1
nc_ncr0250	2
nc_sll1180	7
nc_slr0079-as	3
nc_sll1119-as	4
nc_sll1268	2
nc_sll0257-as	1
nc_sll0080-as	5
nc_slr1944-as	1
nc_ncr0900	1
nc_slr0756-as	1
nc_ncr1500	3
nc_slr0088	5
nc_slr2057-as	2
nc_slr1028-as5	1
nc_ncl0300	1
nc_slr0521	1
nc_sll0401-as	2
nc_sll1069	2
nc_slr1636-as	1
nc_ncr1020	2
nc_sll0601-as	5
nc_sll1464-as	3
nc_sll0767-as	1
nc_slr1849	2
nc_sll0446-as	1
nc_ssr2317	1
nc_slr0171-as	1
nc_ncl0730	1
nc_slr2132-as	2
nc_slr1624	4
nc_ncr1640	2
nc_sll0065	2
nc_sml0003	1
nc_slr0981-as	1
nc_ncr0060	2
nc_slr0681-as	1
nc_slr1511	5
nc_ncl1110	1
nc_sll1035-as	3
nc_ncl0110	1
nc_ncl0310	3
nc_ncr0670	3
nc_slr0072	2
nc_slr1317-as	2
nc_slr1277-as2	4
nc_sll0873-as	1
nc_slr0963	1
nc_sll1123-as	2
nc_slr1127	1
nc_slr0869-as2	5
nc_slr2089-as2	2
nc_slr0534-as	1
nc_sll1733-as	1
nc_slr1325	3
nc_sll0063	2
nc_ssr0692-as	1
nc_slr0665-as	2
nc_slr2026-as	2
nc_slr1938-as	4
nc_slr1646	5
nc_slr1674	3
nc_sll0646-as	2
nc_ncl1120	1
nc_sll0544-as	5
nc_sll0735-as	1
nc_slr2141-as	2
nc_sll0877-as	3
nc_slr0420-as	2
nc_sll0567	3
nc_sll1802-as	2
nc_ncr0450	1
nc_ssr2087-as	1
nc_slr1611-as	1
nc_slr2031	1
nc_sll1498-as3	5
nc_sll1870	2
nc_slr0541-as	2
nc_slr1982	2
nc_ncl0920	1
nc_slr1753	4
nc_slr0552	3
nc_sll1691	2
nc_ncr0680	3
nc_sll1263-as	3
nc_slr1790-as	1
nc_sll0163	1
nc_sll0827	2
nc_slr0114	2
nc_slr0312	2
nc_sll0898-as	2
nc_ssr1604-as	2
nc_ssr0761-as	1
nc_slr0056-as	1
nc_sll1898-as	1
nc_sll1888-as2	1
nc_sll1775-as	1
nc_slr1147-as	3
nc_ncl1290	1
nc_sll1003	1
nc_slr0445-as	2
nc_ncr1630	1
nc_slr1028-as10	1
nc_slr0787	1
nc_slr1393-as	2
nc_slr1325-as	4
nc_sll0812-as	4
nc_sll0354-as	1
nc_slr1220	5
nc_ncr0890	1
nc_slr0407	4
nc_sll1954	1
nc_slr1366	5
nc_sll1516	2
nc_slr0070	2
nc_sll0295-as2	1
nc_ncr0500	1
nc_slr0040-as2	1
nc_slr1516-as	1
nc_sll1920-as	1
nc_sll1389-as	2
nc_sll0519	2
nc_slr1975-as	1
nc_sll1169	2
nc_sll0306	1
nc_ncl0100	1
nc_slr1249-as	2
nc_sll0923-as3	5
nc_sll1334-as2	3
nc_ncr1395	1
nc_slr1861	2
nc_sll1636	3
nc_sll1744-as2	5
nc_sll1773-as	3
nc_ncl0530	5
nc_sll0421-as	3
nc_sll1336	3
nc_slr2130-as2	1
nc_sll1121	2
nc_slr1168	2
nc_sll0814-as	1
nc_slr0936-as2	2
nc_slr1969-as	2
nc_sll2005	5
nc_slr0151-as	1
nc_slr1224-as	2
nc_slr0320-as2	1
nc_slr1924-as2	2
nc_ncr0480	2
nc_slr1028-as12	1
nc_sll0640-as2	1
nc_ncl0990	2
nc_ssr0761	1
nc_ncr1680	3
nc_slr1123-as	2
nc_slr0895-as	3
nc_sll0312-as	1
nc_sll1540-as	2
nc_slr1397-as2	1
nc_slr1803-as	1
nc_sll0322-as	1
nc_sll0267-as2	1
nc_sll1571-as	1
nc_sll0107-as2	1
nc_sll1049-as	1
nc_sll1283-as	1
nc_sll0043-as	4
nc_sll0375	1
nc_sll0587-as2	2
nc_slr2101-as	1
nc_ncl0580	1
nc_ncr1660	1
nc_ncl0215	3
nc_slr0969	2
nc_slr0789	1
nc_sll1070-as2	2
nc_slr1672	2
nc_sll0793	1
nc_ncl0660	1
nc_slr0821	2
nc_sll0905-as	2
nc_slr1067-as	1
nc_ncl1570	1
nc_slr1612-as	1
nc_ncr1380	1
nc_slr1596-as2	2
nc_ncr0950	1
nc_sll1612-as	1
nc_slr1028-as4	1
nc_slr1303-as	1
nc_ncr0620	1
nc_sll0535	3
nc_sll0282-as	1
nc_sll0764-as	2
nc_sll1234-as	1
nc_slr0163	3
nc_sll1864-as2	2
nc_slr1198-as	1
nc_sll1388	2
nc_ncl0290	1
nc_slr1214-as2	1
nc_slr1069-as	1
nc_slr0404-as	2
nc_slr0359	3
nc_slr0299	1
nc_sll1110-as	2
nc_slr1414-as	4
nc_sll1894	2
nc_slr2130-as	1
nc_ssr2060-as	1
nc_sll1033-as	2
nc_slr1545-as	1
nc_slr1963-as	1
nc_slr1455	1
nc_sll1609-as	1
nc_sll0364-as	1
nc_ncl0430	1
nc_slr2062	1
nc_slr2087-as	1
nc_slr1864-as	2
nc_sll0981-as	1
nc_slr0949-as	1
nc_sll1025	1
nc_slr1227-as	2
nc_slr0713-as	1
nc_slr1800-as2	2
nc_ncl0330	1
nc_ncr0760	1
nc_sll0329	2
nc_slr1315-as	3
nc_ncr1580	2
nc_sll1459-as	1
nc_ncl1400	1
nc_sll0855-as	1
nc_slr1559	1
nc_slr2077	1
nc_sll1750-as2	1
nc_ncl1500	1
nc_slr0435-as	1
nc_slr0633	1
nc_slr0326-as	2
nc_slr1626-as	2
nc_sll1161-as	2
nc_ncl0710	1
nc_sll0575-as	1
nc_sll1418-as	1
nc_slr1942	1
nc_slr1790-as2	1
nc_slr1219-as2	1
nc_ncr1440	2
nc_slr1353-as	1
nc_ncl1730	2
nc_sll1677	1
nc_slr0909	1
nc_sll0930-as2	1
nc_sll0142-as	2
nc_slr1705-as3	1
nc_sll0659-as2	1
nc_slr1844	1
nc_slr2059	1
nc_sll1181-as	1
nc_slr1397	1
nc_sll1885-as2	1
nc_NC-3547510	1
nc_ncr1290	1
nc_slr0921	3
nc_sml0004-as	1
nc_ncl1510	2
nc_slr0244-as	2
nc_sll0010-as	1
nc_sll0928-as	1
nc_slr0630-as	1
nc_ncl0790	1
nc_slr1329	2
nc_sll0145	3
nc_slr0780-as	1
nc_sll1527	1
nc_slr0354-as	1
nc_ssr2318-as	1
nc_slr0492-as	1
nc_slr1084	1
nc_ncr1120	1
nc_slr0016	1
nc_slr0600-as2	1
nc_slr1028-as14	2
nc_slr1028-as9	1
nc_ncr0180	1
nc_slr0847	1
nc_slr1403-as4	1
nc_sll0564-as	1
nc_slr0559	1
nc_sll1818-as	1
nc_sll1060-as	1
nc_slr1648	2
nc_sll1742	1
ctrl1	1
ctrl2	1
ctrl3	1
ctrl4	1
ctrl5	1
ctrl6	1
ctrl7	1
ctrl8	1
ctrl9	1
ctrl10	1
